gu,name,date,대여,반납
강남구,2301. 현대고등학교 건너편,202005,5916,6127
강남구,2302. 교보타워 버스정류장(신논현역 3번출구 후면),202005,1704,1671
강남구,2303. 논현역 7번출구,202005,994,969
강남구,2304. 신영 ROYAL PALACE 앞,202005,292,119
강남구,2305. MCM 본사 직영점 앞,202005,466,442
강남구,2306. 압구정역 2번 출구 옆,202005,1180,1157
강남구,2307. 압구정 한양 3차 아파트,202005,2586,2540
강남구,2308. 압구정파출소 앞,202005,1053,1055
강남구,2309. 청담역(우리들병원 앞),202005,519,275
강남구,2310. 청담동 맥도날드 옆(위치),202005,824,814
강남구,2311. 학동로 래미안 아파트 앞,202005,329,117
강남구,2312. 청담역 13번 출구 앞,202005,540,524
강남구,2313. 금원빌딩 앞,202005,1755,1770
강남구,2314. 청담나들목입구,202005,1381,1402
강남구,2315. 봉은사역 5번출구 옆,202005,1575,1556
강남구,2316. 삼성역 8번출구,202005,1709,1710
강남구,2317. 삼성도로공원,202005,1698,1692
강남구,2318. 삼성중앙역4번출구(문화센터더 리빌),202005,730,647
강남구,2319. 포스코4거리 서측(수협 삼성동 지점),202005,565,559
강남구,2320. 도곡역 대치지구대 방향,202005,1307,1295
강남구,2321. 학여울역 사거리,202005,1261,1211
강남구,2322. 삼성역 3번 출구,202005,911,914
강남구,2323. 주식회사 오뚜기 정문 앞,202005,532,521
강남구,2324. 천주교 대치 2동 교회 옆,202005,1369,1365
강남구,2325. 대치동 버거킹대치점,202005,1142,1128
강남구,2326. 대치동 삼성로,202005,410,362
강남구,2327. 뱅뱅사거리 랜드마크타워 앞,202005,1049,1054
강남구,2328. 르네상스 호텔 사거리 역삼지하보도 7번출구 앞,202005,536,517
강남구,2329. 르네상스호텔사거리 역삼지하보도 2번출구,202005,82,84
강남구,2330. 스타벅스 앞,202005,657,655
강남구,2331. 동영문화센터앞,202005,551,491
강남구,2332. 선릉역3번출구,202005,1286,1282
강남구,2333. 양재역 3번출구 주변,202005,1022,707
강남구,2334. 삼호아파트 2동 ( 간선도로),202005,115,118
강남구,2335. 3호선 매봉역 3번출구앞,202005,1120,1112
강남구,2336. 강남세브란스교차로 래미안그레이튼 104동 앞,202005,295,293
강남구,2337. 대모산입구역 2번출구 앞,202005,454,435
강남구,2339. 현대아파트 정문 앞,202005,576,560
강남구,2340. 삼호물산버스정류장(23370) 옆,202005,1498,1495
강남구,2341. 일원역 4~5번 출구 사이,202005,403,383
강남구,2342. 대청역 1번출구 뒤,202005,2382,2391
강남구,2343. 세곡사거리 대왕파출소 앞,202005,198,193
강남구,2344. 리엔파크 2단지 앞,202005,855,858
강남구,2347. 두산건설 본사,202005,322,123
강남구,2348. 포스코사거리(기업은행),202005,1749,1809
강남구,2349. 역삼빌딩 앞(하나은행 옆),202005,363,341
강남구,2350. 래미안그레이튼102동앞,202005,318,318
강남구,2351. 청소년수련관(수영장)앞,202005,320,314
강남구,2352. 서울본부세관(건설회관 앞),202005,280,115
강남구,2353. 강남구청역 2번출구 뒤,202005,664,446
강남구,2354. 청담역 2번출구,202005,355,347
강남구,2355. 삼성역 5~6번 출구 사이,202005,1603,1585
강남구,2356. 강남구청,202005,640,478
강남구,2357. 르네상스호텔사거리 역삼지하보도 3번출구 앞 (더 오번 빌딩 명동칼국수 앞),202005,415,403
강남구,2358. 구룡초사거리 (현대아파트10동 앞 ),202005,237,234
강남구,2359. 국립국악중 고교 정문 맞은편,202005,850,855
강남구,2360. 도곡1동 주민센터 교차로,202005,485,474
강남구,2361. 압구정역 교차로,202005,1097,1085
강남구,2362. 신사동 가로수길 입구,202005,1069,1057
강남구,2363. 강남 을지병원 교차로,202005,398,382
강남구,2364. 도산대로 렉서스 앞,202005,504,493
강남구,2365. K+ 타워 앞,202005,1236,1237
강남구,2368. 도곡동 경남아파트 건너편,202005,265,256
강남구,2369. KT선릉타워,202005,887,873
강남구,2370. 한티역 3번출구,202005,903,885
강남구,2371. 한국우편사업진흥원,202005,191,136
강남구,2372. 대치역 사거리,202005,1770,1755
강남구,2373. 개포동역 사거리,202005,1443,1394
강남구,2375. 수서역 1번출구 앞,202005,1119,1122
강남구,2376. 수서역 6번출구 앞,202005,193,199
강남구,2377. 수서역 5번출구 뒤,202005,2303,2298
강남구,2380. 삼성동베이직하우스앞,202005,527,493
강남구,2381. 언주역 6번출구앞,202005,529,530
강남구,2382. 역삼동 sk뷰 501동앞,202005,294,287
강남구,2383. 보금자리정원,202005,249,251
강남구,2384. 자곡사거리,202005,2054,2083
강남구,2385. 학동역,202005,709,685
강남구,2387. 래미안강남힐즈 사거리,202005,861,851
강남구,2388. 강남구 도시관리공단,202005,484,203
강남구,2389. 경기여자고등학교 후문 (삼성로3길 입구),202005,511,497
강남구,2390. 구룡마을 입구 (래미안블레스티지 아파트),202005,377,373
강남구,2391. 구룡터널 입구(개포1단지아파트),202005,13,14
강남구,2392. 구룡산 입구 (구룡산 서울둘레길 입구),202005,67,67
강남구,2393. 구룡사 앞 교차로 (보도육교),202005,61,53
강남구,2395. 개포1단지아파트 입구 (보도육교),202005,12,6
강남구,2396. 영동3교 북단(우성캐릭터 앞 보도),202005,951,943
강남구,2398. 더라움,202005,439,330
강남구,2401. 밀알학교 입구 (삼성서울병원 입구),202005,295,276
강남구,2403. 공무원연금매점 교차로 (개포주공9단지 입구),202005,131,123
강남구,2404. 대모산입구역 4번 출구 앞,202005,817,812
강남구,2405. 청담공원앞 교차로,202005,680,239
강남구,2406. 논현동 광명빌딩 앞,202005,259,214
강남구,2407. 역삼.서초.삼성 세무서 앞 (역삼빌딩 앞),202005,1279,1273
강남구,2408. 강남한양수자인아파트,202005,759,748
강남구,2409. 역삼동 디오슈페리움 (우성아파트 사거리),202005,896,899
강남구,2410. 포스코피앤에스타워 (역삼역 3번출구 부근),202005,688,669
강남구,2411. 세곡동 성당,202005,894,894
강남구,2412. 일원1동 주민센터,202005,1767,1764
강남구,2413.도곡역 1번 출구,202005,54,51
강남구,2414. 도곡역 아카데미스위트 앞,202005,72,68
강남구,2415.한티역 롯데백화점 앞,202005,51,46
강남구,2416.한티역 6번 출구,202005,17,16
강남구,2417.선정릉 일등 추어탕 앞,202005,21,16
강남구,2418.봉은사역 7번 출구,202005,77,72
강남구,2419.봉은사역 1 2번 출구,202005,57,55
강남구,2420.학여울역 사거리(LG베스트샵 앞),202005,50,48
강남구,2421. 신논현역 4번출구,202005,49,46
강남구,2422.수서동 성당 맞은편,202005,51,38
강남구,2423.영희초교 사거리(래미안개포루체하임),202005,87,87
강남구,2425.세곡동 사거리(대왕초등학교 정류장),202005,22,20
강남구,2426.강남한신휴플러스 6단지,202005,25,24
강남구,2428.롯데리아 개포점앞,202005,17,17
강남구,2429.압구정로데오역 6번출구,202005,126,127
강남구,2430.강남파이낸스센터앞(역삼역2번출구),202005,43,31
강남구,2431.대치역 7번출구,202005,58,55
강동구,1001. 광진교 남단 사거리(디지털프라자앞),202005,2951,2965
강동구,1002. 해공공원(천호동),202005,3064,3363
강동구,1003. 해공도서관앞,202005,1166,1105
강동구,1004. 삼성광나루아파트 버스정류장,202005,2230,2738
강동구,1006. 롯데캐슬 115동앞,202005,1111,1015
강동구,1007.암사동 선사유적지,202005,325,305
강동구,1008. 암사역 3번출구(국민은행앞),202005,4266,4866
강동구,1009. 천호역4번출구(현대백화점),202005,5311,5332
강동구,1010. 강동세무서,202005,3507,3403
강동구,1011. LIGA 아파트 앞,202005,3568,3548
강동구,1012. 서울 상운차량,202005,1089,1049
강동구,1013. 강동구청역 1번 출입구,202005,1398,1403
강동구,1014. 강동구평생학습관앞,202005,1535,1510
강동구,1015. 샛마을 근린공원,202005,1769,1765
강동구,1016. 해뜨는 주유소옆 리엔파크 109동앞,202005,1235,1215
강동구,1017. 맥도날드(길동),202005,2379,2402
강동구,1018. 둔촌 주공 GS 맞은편,202005,42,43
강동구,1019. 다성이즈빌아파트(호원대 대각선 맞은편),202005,3755,3985
강동구,1020. 강동경찰서,202005,2710,2765
강동구,1021. 강일동 리슈빌 빌딩앞,202005,1930,2009
강동구,1022. 길동 사거리(초소앞),202005,1890,1856
강동구,1023. 한국종합기술사옥 앞,202005,1992,2046
강동구,1024. 강동구청 앞,202005,2560,2664
강동구,1025. 상일초등학교,202005,808,834
강동구,1026. 대명초교 입구 교차로,202005,868,835
강동구,1027. 프라자 아파트 앞,202005,1376,1356
강동구,1028. 포레스 주상복합 빌딩,202005,1338,1339
강동구,1029. 롯데 시네마,202005,2457,2448
강동구,1030. 미호 플랜트 앞,202005,1701,1693
강동구,1031. 올림픽로 836(아리수로),202005,848,855
강동구,1032. 선사고등학교,202005,733,717
강동구,1033. 고덕동 아남아파트,202005,1134,1077
강동구,1034. 고덕동 래미안 힐스테이트,202005,637,589
강동구,1035. 고덕역 4번출구,202005,154,158
강동구,1036. 고덕동 주양쇼핑,202005,2436,2421
강동구,1037. 강일리버파크 6단지,202005,327,335
강동구,1038. 강일 다솜 어린이 공원,202005,444,462
강동구,1039. 고덕초등학교,202005,316,325
강동구,1041. 묘곡초등학교,202005,1102,1079
강동구,1042. 강일리버파크 2~5단지,202005,911,960
강동구,1044. 굽은다리역,202005,4802,4938
강동구,1047. 건강보험 강동지사kt,202005,2319,2384
강동구,1048. 동부기업(둔촌동),202005,2244,2382
강동구,1049. 강일리버파크 10단지,202005,1115,1192
강동구,1050. 둔촌역 3번 출입구,202005,5242,5340
강동구,1051. 양지시장 (용성약국앞) 입구,202005,1686,1741
강동구,1052. 리싸이클시티,202005,902,717
강동구,1053. 동명근린공원 진입로 (아리수로),202005,479,537
강동구,1054. 말우물 어린이 공원,202005,585,581
강동구,1056. 강일리버파크 7~11단지,202005,516,526
강동구,1057. 능골근린공원,202005,917,890
강동구,1058. 고덕숲 아이파크 1,202005,1773,1786
강동구,1059. 래미안 강동팰리스(102동),202005,1968,1862
강동구,1060. 천일초교 사거리,202005,1005,1000
강동구,1061. 천호초교 입구 사거리(일주빌딩),202005,1290,1315
강동구,1062. 고덕숲 아이파크 2,202005,457,395
강동구,1063.강동롯데캐슬퍼스트 아파트(관리동),202005,60,58
강동구,1064.중앙보훈병원역 1번출구,202005,38,36
강동구,1065.보훈병원 정문옆(중앙대영약국),202005,27,26
강동구,1066.생태공원앞 교차로(조명탑),202005,11,9
강동구,1067.한영중고앞사거리,202005,59,42
강동구,1068.명일파출소,202005,110,101
강동구,1069.강동경희대학교병원 입구,202005,30,28
강동구,1070.(시립)고덕평생학습관,202005,3,3
강동구,1073.SSTS 몰 앞,202005,96,97
강동구,1074.대명초교입구 사거리,202005,60,59
강동구,1075.천동초교 삼거리,202005,79,76
강동구,1076.전자랜드 길동점,202005,123,120
강동구,1077.강동역 1번출구 앞,202005,100,101
강동구,1078.둔촌사거리,202005,184,170
강동구,1079.강일동입구교차로,202005,36,32
강동구,1080.엘웨딩,202005,35,34
강동구,1081.트레빌빌딩,202005,61,61
강동구,1083.광문고교사거리(아이파크),202005,24,23
강동구,1087.레미안 솔베뉴(양재대로),202005,70,72
강동구,1088.풍납사거리(강동),202005,72,69
강동구,1089.고덕 래미안힐스테이트(201동),202005,28,27
강동구,1090.상일동역 2번출구 앞,202005,183,189
강동구,3539. 서원마을,202005,240,240
강북구,1501. 미아역 3번 4번 출구 사이,202005,1677,1660
강북구,1503. 이디야 커피 수유역점 앞,202005,4067,4135
강북구,1504. 다이소 삼양시장점,202005,502,502
강북구,1506. 강북문화예술회관,202005,984,979
강북구,1509. 서울북부수도사업소,202005,1242,1254
강북구,1510. 번동주공5단지 관리사무소 앞,202005,383,369
강북구,1511. 번동 금호어울림아파트102동앞,202005,306,310
강북구,1512. 강북중학교 앞,202005,2001,1980
강북구,1513. 강북구청 뒷편,202005,419,421
강북구,1514. 강북구청 사거리 버스정류소 앞,202005,2445,2453
강북구,1515. 송천동 주민센터,202005,1000,1015
강북구,1516. 우이초등학교 후문 옆,202005,732,709
강북구,1518. SK telecom(수유직영점) 앞,202005,632,617
강북구,1519. 세븐일레븐 수유장미원점 앞,202005,910,891
강북구,1520. 성실교회,202005,1097,1060
강북구,1522. 월드전기조명인테리어(우이동),202005,590,534
강북구,1525. 미아동 복합청사,202005,498,459
강북구,1526. 수유동 채선당앞,202005,678,662
강북구,1527. 미아역 1번 출구 뒤,202005,842,821
강북구,1528. 삼각산동 주민센터,202005,525,442
강북구,1529. 미아동 한국전력공사,202005,1661,1637
강북구,1530. 광산사거리,202005,1759,1728
강북구,1531. 미아사거리 1번 출구,202005,2860,2900
강북구,1532. 번3동 주민센터 교차로,202005,1089,1118
강북구,1533. 번동 주공3  4단지 교차로,202005,2488,2757
강북구,1534. 북서울 꿈의 숲 동문,202005,1741,1776
강북구,1535. 효성인텔리안 앞,202005,2811,2871
강북구,1536. 번동 두산위브 101동 옆,202005,1385,1273
강북구,1537. 북한산 우이역,202005,846,852
강북구,1538. 솔밭공원역,202005,799,760
강북구,1539. 4.19민주묘지역,202005,1949,1948
강북구,1540. 가오리역,202005,1069,1041
강북구,1541. 삼양역,202005,234,218
강북구,1542. 삼양사거리역,202005,486,481
강북구,1543. 수유1동 주민센터,202005,814,823
강북구,1545. 솔샘역 2번 출구,202005,302,244
강북구,1546. 송천동우체국,202005,964,960
강북구,1547. 꿈의숲 롯데캐슬,202005,505,407
강북구,1548. 북서울 꿈의숲 서문,202005,1116,980
강북구,1552. 강북구청사거리(던킨도너츠 앞),202005,1,1
강북구,1553.예수그리스도후기성도교회 앞,202005,18,19
강서구,1101. 개화동상사마을종점 버스정류장,202005,256,305
강서구,1102. 방화사거리 마을버스 버스정류장,202005,2005,2117
강서구,1103. 방화역 4번출구앞,202005,2267,2398
강서구,1105. 방화근린공원,202005,665,616
강서구,1106. 신방화사거리,202005,2493,2663
강서구,1108. 공항시장역 2번출구 뒤,202005,1310,1334
강서구,1109. 공항시장역 4번출구,202005,888,888
강서구,1110. 공항중학교앞,202005,948,954
강서구,1111. 마곡엠밸리6_7단지 마곡중학교,202005,1484,1374
강서구,1112. 마곡엠밸리4단지 정문,202005,4889,4940
강서구,1113. 서남환경공원 버스정류장,202005,2148,2132
강서구,1115. 등촌역 1번출구옆,202005,1708,1685
강서구,1117. 스타벅스앞,202005,3318,3324
강서구,1118. 증미역 3번출구뒤(등촌두산위브센티움오피스텔),202005,4157,4520
강서구,1119. 염창동 한마음아파트앞(염창동 빛나는 음악학원앞),202005,3159,3562
강서구,1120. 대림경동아파트앞,202005,2878,2940
강서구,1121. 가양레포츠센터앞,202005,2129,2182
강서구,1122. 황금내근린공원,202005,4727,5036
강서구,1124. 발산역 6번출구옆(다이소앞),202005,4431,4483
강서구,1125. 명덕고교입구(영종빌딩),202005,3009,3001
강서구,1126. 우장산역 1번출구옆(우장산아이파크105동앞),202005,1543,1268
강서구,1127. 화곡역(에이스정형외과앞) 버스정류장,202005,1866,1748
강서구,1128. 화곡역 6번출구,202005,1526,1476
강서구,1129. 화곡역 1번 출구 앞,202005,2099,2043
강서구,1130. 화곡본동시장 버스정류장,202005,925,882
강서구,1131. 꿈돌이공원 앞,202005,2675,2771
강서구,1132. 등촌역 7번출구,202005,2248,2199
강서구,1135. 강서구의회,202005,564,565
강서구,1136. 등촌2파출소,202005,1663,1395
강서구,1137. 등촌2동주민센터,202005,592,360
강서구,1139. 용문사 버스정류장,202005,1646,1685
강서구,1140. 목동사거리 버스정류장,202005,1927,1920
강서구,1141. 곰달래 문화복지센터 1-1,202005,2250,2760
강서구,1145. 곰달래 문화복지센터 1-2,202005,1434,1520
강서구,1146. 곰달래사거리,202005,1602,2030
강서구,1148. 볏골공원,202005,1197,1184
강서구,1149. 신방화역환승주차장,202005,4295,4307
강서구,1150. 송정역 1번출구,202005,3710,3736
강서구,1151. 마곡역1번출구,202005,1684,1250
강서구,1152. 마곡역교차로,202005,2699,2745
강서구,1153. 발산역 1번  9번 인근 대여소,202005,6299,6381
강서구,1155. 기쁜우리복지관,202005,2965,3059
강서구,1157. 강서구청,202005,2688,3121
강서구,1158. 가양역 8번출구,202005,6072,6100
강서구,1159. 서서울모터리움앞,202005,2355,2280
강서구,1160. 양천향교역 7번출구앞,202005,6918,6863
강서구,1161. 강서면허시험장앞,202005,542,482
강서구,1162. 공항초등학교건너편,202005,1584,1542
강서구,1163. 방화동강서기동대앞,202005,1173,1175
강서구,1165. 마곡중학교 후문,202005,994,635
강서구,1166. 강서구립등빛도서관,202005,3104,3096
강서구,1167. 마곡수명산파크3단지 교차로,202005,3268,3213
강서구,1168. 마곡엠밸리10단지 앞,202005,1500,1479
강서구,1169. 염창역 1번 출구,202005,2581,2606
강서구,1170. 강서구보건소 (삼성디지털 프라자),202005,1847,1442
강서구,1171. 염창동 새마을금고 건너편 (모닝글로리),202005,2451,2694
강서구,1172. 가양3동 주민센터,202005,1682,1845
강서구,1173. 강서구청사거리(SH타워),202005,4259,4162
강서구,1174. 강서구청사거리(부민병원),202005,1129,1129
강서구,1175. 대한항공 인력개발센터,202005,1416,1126
강서구,1177. 수명중?고교,202005,1773,1803
강서구,1178. 개화산역 2번 출구,202005,1060,1093
강서구,1180. 마곡엠밸리 15단지(1502동) 건너편,202005,2010,1909
강서구,1181. 농수산식품공사 (강서지사),202005,354,356
강서구,1182. KBS 스포츠월드,202005,2657,2666
강서구,1183. KC 대학교,202005,350,302
강서구,1184. 마곡13단지,202005,2118,2242
강서구,1185. 등촌9단지,202005,1963,1994
강서구,1186. 송정중학교,202005,830,867
강서구,1187. 강서수산물도매시장,202005,566,574
강서구,1188. 롯데중앙연구소,202005,786,790
강서구,1190. 마곡역 교차로(2번출구),202005,693,641
강서구,1191. 마곡역 교차로(NH농협),202005,2817,2698
강서구,1192. 마곡수명산파크 209동 건너편,202005,1586,1516
강서구,1193. 마곡센트럴타워 1차,202005,2722,2942
강서구,1194. 센서텍㈜,202005,1411,1539
강서구,1195. 코오롱One&Only타워,202005,2017,2347
강서구,1196. 서울식물원(문화센터) 건너편,202005,1402,1141
강서구,1197. 엘펠리체 호텔 건너편,202005,4159,4219
강서구,1198. LG 사이언스파크,202005,1156,1007
강서구,1199. 우장산역 3번출구,202005,2133,1761
강서구,1200. 개화광역환승센터,202005,331,330
강서구,2701. 마곡나루역 5번출구 뒤편,202005,8307,8191
강서구,2702. 마곡 엠밸리2단지,202005,1303,1025
강서구,2711.가로공원공영주차장 1번 출구,202005,239,241
강서구,2717.LG유플러스 마곡사옥,202005,411,402
강서구,2718.마곡수명산파크1단지,202005,389,374
강서구,2719.마곡문화공원,202005,13,9
강서구,2720.힐스테이트에코,202005,490,474
강서구,2730.마곡메가박스 앞,202005,206,206
강서구,2731.명덕고교,202005,95,69
강서구,2732.마곡수명산 1-2단지,202005,146,153
강서구,2733.마곡13단지 정문 앞,202005,401,395
강서구,2737.까치산역 3번 출구,202005,315,313
강서구,2740.마곡레포츠센터,202005,82,87
강서구,2741.마곡수명산파크5-6단지,202005,185,176
강서구,2742.강서구민올림픽체육센터,202005,45,55
관악구,2102. 봉림교 교통섬,202005,9927,9889
관악구,2103. 신림동 우방아파트,202005,1631,1613
관악구,2104. 사당역 5번출구,202005,1727,1741
관악구,2105. 미성동 신림체육센터,202005,1368,1366
관악구,2106. 난곡 새마을금고,202005,2283,2461
관악구,2107. 도림천 신화교,202005,3006,2998
관악구,2108. 은천치안센터,202005,1289,1222
관악구,2109. 은천로입구 가로공원,202005,2483,2529
관악구,2110. 조원동 미성아파트,202005,864,858
관악구,2111. 서울대입구역 1번출구,202005,1208,1170
관악구,2112. 서울대입구역 마에스트로,202005,1022,1009
관악구,2113. 관악동작견인차량보관소,202005,2434,2392
관악구,2115. 관악농협농산물백화점,202005,938,897
관악구,2116. 에이스에이존빌딩,202005,811,760
관악구,2119. 중앙동 동진빌딩,202005,1271,1212
관악구,2122. 낙성대로 입구,202005,1390,1343
관악구,2127. 보성운수차고지 맞은편,202005,439,404
관악구,2128. 관악구청교차로,202005,472,470
관악구,2129. 낙성대 과학전시관,202005,610,544
관악구,2130. 영어마을 관악캠프,202005,516,345
관악구,2135. 신림역 5번출구,202005,1493,1485
관악구,2136. 신림역 8번출구,202005,2317,2317
관악구,2137. KT&G 관악지점,202005,463,485
관악구,2139. 서울신성초등학교,202005,1172,1170
관악구,2140. 신림1교 교차로,202005,2435,2420
관악구,2141. 미림여고입구 교차로,202005,178,181
관악구,2143. 서울산업정보학교,202005,336,322
관악구,2144. 난우길입구,202005,692,698
관악구,2145. 은천초등학교 육교,202005,877,879
관악구,2148. 낙성대역 3번출구 뒤,202005,690,694
관악구,2156. 농협 관악문성지점,202005,949,940
관악구,2159. 인헌초교,202005,492,397
관악구,2160. 관악구 보건소,202005,491,474
관악구,2164. 관악우체국,202005,1343,1336
관악구,2165. JK장평타워,202005,493,429
관악구,2167. 낙성대역 1번출구,202005,654,638
관악구,2169. 봉천역 2번출구,202005,1475,1490
관악구,2170. 조원동서울본병원,202005,1081,1075
관악구,2171. 서울대입구역 5번출구,202005,1417,1365
관악구,2172. 나들목공원,202005,475,419
관악구,2173. 당곡사거리,202005,4914,4936
관악구,2174. 삼성디지털프라자관악점,202005,914,900
관악구,2175. 신림동걷고싶은문화의거리입구,202005,1286,1283
관악구,2176. 보라매공원 보도육교,202005,2346,2345
관악구,2177. 신대방역 2번 출구,202005,6654,6668
관악구,2178. 서울대학교 정문,202005,591,552
관악구,2179. 양녕로 입구,202005,1211,1186
관악구,2180. 신림동주민센터,202005,11,3
관악구,2183. 동방1교,202005,5980,5935
관악구,2184. 구암초등학교 버스정류장,202005,323,298
관악구,2185. 대학동 고시촌,202005,1207,1205
광진구,3500. 군자역2번출구,202005,2404,2419
광진구,3501. 광진구청 앞,202005,2621,2612
광진구,3502. 중곡역 1번출구,202005,961,972
광진구,3503. 광진유진스웰,202005,185,91
광진구,3504. 원일교회,202005,2193,2175
광진구,3505. 신양초교앞 교차로,202005,1409,1397
광진구,3506. 영동대교 북단,202005,1431,1417
광진구,3507. 어린이회관,202005,635,498
광진구,3508. 화양사거리,202005,2967,2973
광진구,3509. 세종사이버대학교,202005,2713,2753
광진구,3510. 중곡SK아파트앞,202005,763,700
광진구,3516. 구의아리수정수센터앞,202005,996,962
광진구,3517. 용마사거리,202005,2174,2208
광진구,3518. 군자역 7번출구뒤,202005,3966,3964
광진구,3520. 광진경찰서,202005,1937,1931
광진구,3521. 현대홈타운 뒷길,202005,349,341
광진구,3523. 건국대학교 과학관(이과대) 앞,202005,504,563
광진구,3524. 세종대학교,202005,132,132
광진구,3528. 광진정보도서관,202005,1289,1413
광진구,3529. 어린이대공원정문,202005,1248,1130
광진구,3533. 건대입구역 사거리(롯데백화점),202005,8161,8218
광진구,3534. 건대입구역 5번출구 뒤,202005,3414,3408
광진구,3535. 중곡사거리(국민은행),202005,2274,2388
광진구,3536. 중앙농협(자양동),202005,2221,2288
광진구,3537. 아차산 휴먼시아 아파트 옆,202005,556,542
광진구,3541. 커먼그라운드,202005,3959,3947
광진구,3542. 래미안 구의파크 스위트,202005,1517,1520
광진구,3543. 세종대학교(학술정보원),202005,412,372
광진구,3575.자양사거리 (LG 유플러스),202005,4,3
광진구,3576.강변SK뷰 APT앞,202005,1,0
광진구,3577.신자초교 입구 교차로(SC제일은행),202005,3,1
광진구,500. 어린이대공원역 3번출구 앞,202005,2611,2613
광진구,501. 광진구의회 앞,202005,1801,1611
광진구,502. 뚝섬유원지역 1번출구 앞,202005,23174,24256
광진구,504. 신자초교입구교차로,202005,2937,2911
광진구,505. 자양사거리 광진아크로텔 앞,202005,4226,4167
광진구,515. 광양중학교 앞,202005,1359,1374
광진구,516. 광진메디칼 앞,202005,1293,1257
광진구,539. 군자교교차로,202005,2599,2607
광진구,540. 군자역 7번출구 베스트샵 앞,202005,2138,2139
광진구,542. 강변역 4번출구 뒤,202005,2875,2868
광진구,543. 구의공원(테크노마트 앞),202005,1597,1585
광진구,544. 광남중학교,202005,1918,1916
광진구,546. 잠실대교북단 교차로,202005,1714,1722
광진구,548. 자양나들목,202005,2531,2558
광진구,549. 아차산역 3번출구,202005,2649,2630
광진구,551. 구의삼성쉐르빌 앞,202005,3062,3079
광진구,552. 대림아크로리버 앞,202005,990,986
광진구,553. 중곡 성원APT 앞,202005,1847,1908
광진구,555. 구의3동주민센터,202005,1063,1065
광진구,571. 어린이대공원역6번출구,202005,1048,1028
광진구,572. 국립정신 건강센터 앞,202005,523,285
광진구,573. 구의문주차장 앞,202005,1521,1494
광진구,574. 아차산역4번출구,202005,2296,1859
광진구,575. 중앙농협 중곡지점,202005,480,479
광진구,576. 광나루역 3번 출구,202005,2023,2035
광진구,577. 광진청소년수련관,202005,2237,2316
광진구,584. 광진광장 교통섬,202005,2280,2113
광진구,588. 뚝섬 유원지역,202005,2796,2724
광진구,590. 건국대학교 (입학정보관),202005,2223,2244
광진구,591. 건국대학교 (행정관),202005,268,265
광진구,592. 건국대학교 학생회관,202005,1213,1234
광진구,593.자양중앙나들목,202005,2679,2950
구로구,1901. 신도림동주민센터 앞,202005,1477,1478
구로구,1904. 도림천역 1번 출구 앞,202005,1965,1865
구로구,1906. 신도림역 1번 출구 앞,202005,7741,7751
구로구,1907. 구일우성(아) 육교 밑,202005,843,715
구로구,1908. 해원리바파크 육교 밑,202005,1304,1158
구로구,1911. 구로디지털단지역 앞,202005,5412,5392
구로구,1912. 한신휴아파트 앞,202005,1557,1510
구로구,1913. 구로리공원,202005,899,916
구로구,1914. 대림역4번출구,202005,1925,1949
구로구,1916. 구로중학교앞,202005,433,429
구로구,1920. 서울미래초등학교 사거리,202005,1220,1200
구로구,1924. 삼부르네상스파크빌,202005,481,348
구로구,1925. 동양미래대학교 정문 옆,202005,4246,4272
구로구,1928. 고척스카이돔구장 광장,202005,1273,1271
구로구,1929. 고척근린공원 고척도서관 앞,202005,977,963
구로구,1930. 개봉지구대 개봉치안센터,202005,632,634
구로구,1931. 개봉역(북측광장),202005,1697,1764
구로구,1933. 개봉푸르지오아파트 상가,202005,1602,1741
구로구,1936. 개봉역 1번 출구 자전거보관서쪽,202005,910,901
구로구,1937. 한진아파트 입구,202005,1083,1086
구로구,1941. 오류동역 2번출구,202005,1221,1315
구로구,1943. 온수역 북측,202005,617,648
구로구,1946. 구로역 광장,202005,1774,1772
구로구,1951. 천왕이펜하우스 4단지 상가 앞,202005,567,497
구로구,1952. 천왕연지타운2단지 앞,202005,1696,1853
구로구,1953. 천왕역 4번출구 뒤,202005,930,856
구로구,1955. 디지털입구 교차로,202005,2250,2249
구로구,1956. 도야미리숯불갈비 앞,202005,1011,1004
구로구,1957. 구일고등학교 정문,202005,1242,1276
구로구,1958. 강서수도사업소민원센터,202005,1365,1335
구로구,1959. 구로구의회 앞,202005,983,1035
구로구,1960. 화광신문사 앞,202005,2045,2023
구로구,1961. 신도림테크노근린공원,202005,4136,4119
구로구,1962. 가리봉동주민센터,202005,851,857
구로구,1964. 원메디타운 앞,202005,1184,1174
구로구,1965. 삼환로즈빌아파트 105동 옆,202005,833,784
구로구,1966. 한마을아파트 정문상가,202005,1366,1318
구로구,1967. 참새공원(백곡경노당),202005,297,280
구로구,1968. 동인오피스텔 건너편 소공원,202005,372,410
구로구,1969. 궁동생태공원,202005,241,244
구로구,1971. 오정초교 앞 보도육교,202005,508,531
구로구,1973. 오리로와 서해안도로 교차로 앞,202005,469,431
구로구,1974. 신도림2차e편한세상아파트 203동 앞,202005,1006,973
구로구,1975. 대림역 1번 출입구 밑,202005,1190,1193
구로구,1976. 남구로역 5번 출입구 앞,202005,420,423
구로구,1977. 천왕역 1번 출입구 앞,202005,888,802
구로구,1979. 구로1동우체국 앞,202005,178,125
구로구,1981. 천왕이펜하우스5단지 앞,202005,820,914
구로구,1983. 구로동롯데아파트,202005,1271,1258
구로구,1984. 구로구청,202005,1425,1447
구로구,1985. 구로도서관,202005,2715,2580
구로구,1986. 태평양물산빌딩,202005,2191,2280
구로구,1987. 개봉아이파크아파트 앞,202005,1909,2066
구로구,1988. 고척LIGA아파트 앞,202005,2170,2221
구로구,1991. 오류동역 맞은편,202005,1647,1925
구로구,1992. 구로구배드민턴실내체육관 앞,202005,289,250
구로구,1993. 금강수목원아파트 앞,202005,523,512
구로구,1994. 삼성전자 물류센터 앞,202005,891,866
구로구,1996. 구일역 1번 출입구 앞,202005,2701,2711
구로구,1998. 고척교 교차로,202005,1951,1931
구로구,1999. 수궁동 성당 주변,202005,452,518
구로구,2000. 신도림4차 e편한세상 아파트 1109동 앞,202005,1821,1654
구로구,2801. 대륭포스트타워1차,202005,1353,1378
금천구,1804. 독산역 2번출구 자전거주차장,202005,1595,1541
금천구,1805. 서울디지털운동장 앞,202005,821,894
금천구,1806. 에이스하이엔드타워9차 앞,202005,778,833
금천구,1808. 에이스하이엔드타워8차 앞,202005,624,726
금천구,1809. LG전자 별관동(호서대 벤처타워 맞은편),202005,416,434
금천구,1812. 갑을그레이트밸리 앞,202005,868,865
금천구,1814. 두산위브아파트 옆 상가건물 앞,202005,724,713
금천구,1816. 금천폭포공원 앞,202005,374,349
금천구,1819. 금천구청 앞 자전거거치대,202005,893,906
금천구,1820. 신한은행 시흥대로금융센터지점,202005,356,358
금천구,1821. 홈플러스 시흥점 맞은편 다비치안경 앞,202005,916,912
금천구,1822. 서울 시흥동우체국 앞,202005,1140,1187
금천구,1823. 상신정비공업 앞,202005,547,389
금천구,1824. 독산근린공원 입구,202005,2569,2579
금천구,1825. 한신아파트 앞 육교 아래,202005,730,754
금천구,1826. 한신코아 앞,202005,800,758
금천구,1827. 독산보도육교 앞 자전거 보관소,202005,4255,4425
금천구,1828. 한양수자인아파트 앞,202005,526,378
금천구,1829. 홈플러스 금천점 앞,202005,1154,1155
금천구,1830. 빅마켓 금천점 앞,202005,1021,1021
금천구,1831. 메이퀸웨딩컨벤션 앞,202005,549,528
금천구,1833. 독산역 1번출구 앞 자전거보관소,202005,953,948
금천구,1834. 월드메르디앙 벤처센터 2차,202005,1981,2232
금천구,1835. STX V타워,202005,816,806
금천구,1839. 수출의 다리 아래,202005,1017,1014
금천구,1840. 솔브레인이엔지 뒤편,202005,474,474
금천구,1841. 가산동 주민센터,202005,1020,968
금천구,1842. 한울중학교,202005,344,338
금천구,1843. 독산고등학교,202005,533,458
금천구,1845. 롯데캐슬골드파크1차 서문,202005,614,576
금천구,1846. 롯데캐슬골드파크1차 동문,202005,1225,1220
금천구,1847. 독산주공 14단지 버스정류소,202005,340,312
금천구,1848. 벽산 디지털밸리 5차,202005,592,666
금천구,1849. 대륭포스트타워5차,202005,409,408
금천구,1850. 코오롱테크노밸리,202005,546,539
금천구,1851. 가산디지털단지 7번출구,202005,1646,1629
금천구,1852. 혜명양로원 담장 옆,202005,488,463
금천구,1853. 서울디자인직업전문학교 앞,202005,275,254
금천구,1854. 가산아네스트 오피스텔 앞,202005,485,245
금천구,1855. 성지아파트 옆 도로변,202005,192,179
금천구,1856. 모두의학교,202005,758,724
금천구,1857. 주공14단지,202005,336,336
금천구,1858. 석수역1번출구 앞 (SK주유소),202005,855,985
금천구,1859. 대륭테크노타운 18차,202005,535,530
금천구,1861.IBK기업은행 석수역 지점 앞,202005,28,15
금천구,1862.스타즈호텔독산 빌딩 앞,202005,76,63
금천구,1863.위너스 스포츠클럽 골프연습장옆,202005,32,22
금천구,1864.산호시티빌 옆,202005,17,16
금천구,1865.금천구청앞(M빌딩),202005,28,16
금천구,1866.서울안천초등학교 옆,202005,41,24
금천구,1867.대륭포스트타워6차 앞,202005,134,131
금천구,1868.우리은행 시흥남자동화점 앞,202005,25,24
금천구,1869.롯데캐슬골드파크3차 301동 앞,202005,49,47
금천구,1870.독산3동주민센터 앞,202005,49,48
노원구,1601. 석계역 문화광장 내 자전거 보관소,202005,5115,5088
노원구,1602. 광운대역 앞,202005,1935,2014
노원구,1603. 롯데캐슬 102동 코너(월계주유소건너),202005,2944,3087
노원구,1605. 헬스케어,202005,2665,2924
노원구,1606. 태릉입구역 3번출구,202005,1650,1648
노원구,1608. 공릉역 1번 출구 앞,202005,5446,5646
노원구,1610. 화랑대역 2번출구 앞,202005,3129,3143
노원구,1611. 과기대 입구(우),202005,3475,3599
노원구,1616. 하계2동 공항버스정류장 옆,202005,3985,4058
노원구,1617. 하계동 중평어린이공원 앞,202005,2832,2925
노원구,1619. 중계동 하나프라자빌딩 앞(중1-1),202005,2619,2594
노원구,1620. 중계동 노원구민체육센터 옆(중1-2),202005,1636,1589
노원구,1625. 상계역(4번출구),202005,4620,4478
노원구,1628. 노일초등학교 앞,202005,1481,1557
노원구,1630. 수연빌딩 앞,202005,1276,1310
노원구,1634. 당고개공원 대여소,202005,1578,1572
노원구,1635. 상계3.4동 주민센터 대여소,202005,428,380
노원구,1636. 백병원 사거리 농협은행 앞,202005,2991,2983
노원구,1637. KT 노원점 건물 앞,202005,3379,3300
노원구,1639. 희성오피앙,202005,1595,1670
노원구,1640. 한내근린공원 북측,202005,2201,2267
노원구,1641. 한내근린공원 남측,202005,911,940
노원구,1642. 서울여대 남문,202005,771,752
노원구,1643. 태릉입구역 8번출구,202005,3493,3556
노원구,1646. 삼육대 입구,202005,940,922
노원구,1650. 중계근린공원내,202005,4925,4904
노원구,1651. 맥도날드 상계점 앞,202005,1330,1283
노원구,1652. 파르코 앞,202005,627,619
노원구,1653. 노원역1번출구,202005,4054,4175
노원구,1654. 당고개입구 오거리,202005,885,852
노원구,1655. 공릉1단지아파트,202005,3498,3583
노원구,1656. 중앙하이츠 아파트 입구,202005,1929,1897
노원구,1657. 노원구청,202005,1331,1376
노원구,1659. 중계동 을지중학교,202005,1418,1378
노원구,1660. 서울시립과학관,202005,681,605
노원구,1661. 당현천근린공원,202005,1435,1419
노원구,1662. 노원역7번출구,202005,1717,1638
노원구,1663. 동해문화예술관앞,202005,2264,2371
노원구,1664. 노해근린공원내,202005,560,542
노원구,1665. 양지근린공원앞,202005,1092,1009
노원구,1666. 노원소방서인근,202005,1784,1753
노원구,1667. 중계중학교,202005,1596,1517
노원구,1668. 중계역 6번출구,202005,2893,2885
노원구,1669. 중계역 3번출구,202005,2198,2176
노원구,1670. 노원경찰서교차로,202005,1773,1738
노원구,1671. 인덕대학교,202005,1534,1568
노원구,1672. 상계동수락리버시티,202005,1343,1511
노원구,1673. 노원역 5번출구,202005,3562,3578
노원구,1674. 서울북부고용센터앞,202005,2554,2526
노원구,1675. 월계문화체육센터,202005,98,54
노원구,1677. 육군사관학교 앞,202005,1665,1692
노원구,1678. 성서대학교 밀알관,202005,263,249
노원구,1679. 삼육대 도서관,202005,260,242
노원구,1680. 삼육대 제3과학관,202005,44,26
노원구,1681. 현대6차 아파트,202005,1001,888
노원구,1682. 중계종합사회복지관 교차로,202005,673,665
노원구,1683. 노원문화예술회관,202005,1510,1456
노원구,1684. 태릉입구역 5번출구,202005,3016,2972
노원구,1685. 불암고등학교 앞 횡단보도,202005,863,808
노원구,1686. 온수골사거리(스타벅스앞),202005,2889,2793
노원구,1688. 마들역 7번출구,202005,2310,2269
노원구,1689. 마들역 3번출구,202005,1423,1404
노원구,1690. 도봉운전면허시험장,202005,1361,1331
노원구,1691. 노원정보도서관,202005,764,746
노원구,1692. 온곡초교 교차로,202005,1608,1412
노원구,1693. 원자력 병원,202005,403,356
노원구,1696.수락리버시티4단지,202005,48,43
노원구,1697.상계주공2단지 219동,202005,78,76
노원구,1700.상계보람아파트 202동,202005,55,38
노원구,2901.공릉동풍림아파트 101동,202005,55,62
노원구,2902.공릉풍림아파트 108동,202005,87,92
노원구,2903.월계초안아파트 1단지,202005,31,34
노원구,2904.중계3차청구아파트,202005,44,43
노원구,2905.중계주공6단지,202005,23,21
노원구,2907. 월계중학교,202005,33,34
노원구,2908. 광운대학교 중앙도서관,202005,65,58
노원구,2909. 석계역 3번 출구,202005,103,82
노원구,2910.도깨비시장,202005,109,114
노원구,2911.상계역중앙시장,202005,96,95
노원구,2912.대진고등학교,202005,85,87
노원구,2913.상계8동 주민센터,202005,139,151
노원구,2915.서울과학기술대학교(어학교육원),202005,11,10
노원구,2917.신창중학교 후문 맞은편 버스정류장,202005,39,39
노원구,2919.등나무 근린공원(시립북서울미술관 앞),202005,164,163
노원구,2920.상계중학교(당현2교사거리),202005,69,60
노원구,2921.중계역 2번출구,202005,74,74
도봉구,1702. 녹천역 1번출구 앞,202005,1000,998
도봉구,1703. 도봉산광역환승센터앞,202005,948,951
도봉구,1705. 도봉구청 정문앞,202005,1850,1855
도봉구,1706. 기업은행 앞,202005,1460,1454
도봉구,1707. 도봉구민회관,202005,1278,1194
도봉구,1708. 보건소사거리(다비치안경창동점),202005,1889,1888
도봉구,1709. 쌍문역4번출구 주변,202005,2045,2023
도봉구,1713. 쌍문동 청소년 랜드,202005,1142,1129
도봉구,1714. 도봉문화정보도서관 삼거리,202005,244,116
도봉구,1715. 서울특별시교육청도봉도서관,202005,1596,1589
도봉구,1716. 하나로마트 창동점,202005,3036,3116
도봉구,1717. 시립창동운동장 입구,202005,435,354
도봉구,1719. 신도봉사거리 버스정류장,202005,672,694
도봉구,1720. 도봉구청 옆(중랑천변),202005,3905,3958
도봉구,1721. 창동역 2번출구,202005,3110,3269
도봉구,1722. 창동청소년수련관,202005,1174,1162
도봉구,1723. 방학동학마을도서관,202005,1310,1480
도봉구,1725. 창1동주민센터,202005,614,601
도봉구,1726. 삼익세라믹아파트교차로,202005,1992,2003
도봉구,1727. 서울도봉초등학교인근,202005,472,471
도봉구,1728. 서울북부지방법원,202005,719,710
도봉구,1729. 파리바게트앞,202005,1680,1822
도봉구,1730. 도봉산역 교차로 앞,202005,472,464
도봉구,1731. 도봉고등학교 맞은편,202005,386,337
도봉구,1732. 우리은행 앞,202005,1138,1171
도봉구,1733. 방학사거리 (봄마당 앞),202005,2039,2063
도봉구,1734. 쌍문현대1차아파트 108동 앞,202005,1518,1454
도봉구,1735. 도봉역 1 2번 출구사이 건너편,202005,1008,1073
도봉구,1736. 버스정류장 앞,202005,598,486
도봉구,1737. 하나은행 (창동점),202005,2435,2617
도봉구,1738. 창동주공17단지 상가앞,202005,1933,2135
도봉구,1741. 제일강산수산입구,202005,3029,2867
도봉구,1742. 북한산 코오롱 하늘채,202005,1204,1234
도봉구,1744.KT방학지사 앞,202005,169,175
도봉구,1757.솔밭공원역 1번출구 앞,202005,1,1
동대문구,600. 휘경2동 주민센터,202005,331,324
동대문구,601. 용신동주민센터,202005,783,734
동대문구,602. 장안동 사거리,202005,4584,4838
동대문구,604. 답십리초등학교 옆 공원,202005,964,966
동대문구,605. 신설동역8번출구,202005,1127,1105
동대문구,606. 휘경공고앞,202005,1228,1276
동대문구,607. 신이문역 2번출구,202005,1555,1677
동대문구,608. 전농삼성아파트,202005,301,301
동대문구,609. 제기2교,202005,2320,2243
동대문구,610. 동대문중 교차로,202005,836,826
동대문구,612. 시립동부병원 앞 사거리,202005,1745,1650
동대문구,613. 신설동역 10번출구 앞,202005,1679,1651
동대문구,614. 용두동 사거리,202005,1838,1774
동대문구,615. 용두동 래미안허브리츠아파트 앞,202005,1481,1342
동대문구,616. 서울시립대 앞,202005,236,89
동대문구,617. 청솔우성아파트 앞,202005,1469,1473
동대문구,621. 동대문중학교 옆,202005,331,324
동대문구,622. 전농사거리 교통섬,202005,1662,1683
동대문구,623. 서울시립대 정문 앞,202005,1598,1244
동대문구,624. 전농동 동아아파트 앞,202005,1591,1631
동대문구,625. 답십리초등학교 앞(현대시장 옆),202005,1956,1993
동대문구,626. 군자교 서측 녹지대,202005,1641,1656
동대문구,627. 장안동삼거리 교통섬,202005,2402,2584
동대문구,628. 휘봉고등학교 앞,202005,696,689
동대문구,630. 동대문구 보건소,202005,1750,1789
동대문구,631. 답십리역 1번출구,202005,2330,2337
동대문구,633. 청량리 기업은행 앞,202005,2135,2186
동대문구,634. 외국어대 정문 앞,202005,3630,3520
동대문구,635. 시조사 앞 (청량고정문 옆),202005,2276,2235
동대문구,636. 세종대왕기념관 교차로,202005,818,827
동대문구,637. KAIST 경영대학 앞,202005,1305,1246
동대문구,638. 서울시립대 정보기술관,202005,451,413
동대문구,639. 서울시립대 후문,202005,680,680
동대문구,640. KEB하나은행 청량리역지점,202005,860,880
동대문구,641. 용두역 4번출구,202005,2476,2475
동대문구,642. 신답역 사거리,202005,1351,1359
동대문구,643. 동대문구민체육센터 (육교아래),202005,2248,2328
동대문구,646. 장한평역 1번출구 (국민은행앞),202005,3590,3682
동대문구,647. 신이문역 1번출구,202005,1271,1343
동대문구,648. 장안동위더스빌옆,202005,2532,2606
동대문구,650. 중랑교사거리,202005,4154,4164
동대문구,651. 우리은행청량리지점앞,202005,995,995
동대문구,652. 답십리 래미안엘파인아파트 입구,202005,712,708
동대문구,654. 전농동 텃골공원,202005,582,582
동대문구,656. 영휘원 교차로,202005,890,859
동대문구,657. 동대문롯데캐슬아파트 앞,202005,1268,1285
동대문구,658. 촬영소 사거리,202005,1300,1349
동대문구,659. 제기역1번출구,202005,1781,1732
동대문구,660. 동의보감타워,202005,1460,1454
동대문구,661. 경희대학교 청운관,202005,1412,1444
동대문구,663. 외대앞역 4번출구,202005,2810,2886
동대문구,664. 서울시립대 대학본부,202005,359,362
동대문구,665.이문동 쌍용아파트 정문,202005,311,310
동대문구,667.청량차도 육교 밑,202005,46,40
동대문구,668.서울축산농협(장안지점),202005,356,358
동대문구,669.청계신한신휴플러스앞 삼거리,202005,239,240
동대문구,670.삼육서울병원 버스정류장,202005,568,580
동대문구,671.대광빌딩,202005,56,43
동대문구,672.대광고등학교,202005,63,53
동대문구,673.안암골벽산아파트(후문),202005,196,186
동대문구,674.고대앞사거리 교통섬,202005,234,231
동대문구,675.성복교회 앞 (장평교 아래),202005,329,334
동대문구,676.FITI시험연구원 앞,202005,118,109
동대문구,677.청량리역 4번 5번출구 사이,202005,215,203
동대문구,678.장안힐스테이트(아) 앞,202005,213,217
동대문구,679.전농SK아파트 앞,202005,54,56
동대문구,680.꿈마루어린이도서관 앞,202005,1,1
동대문구,681.서울특별시 동부교육지원청(육교),202005,19,19
동작구,2002. 노들역 1번출구,202005,8017,8344
동작구,2003. 사육신공원앞,202005,2414,2412
동작구,2007. 유한양행앞,202005,1663,1650
동작구,2008. 노량진근린공원 대방공원,202005,359,326
동작구,2009. 보라매역 8번출구,202005,1045,1040
동작구,2012. 녹십초요양병원앞,202005,718,713
동작구,2013. 장승배기역 5번출구,202005,2063,1960
동작구,2015. 신대방삼거리역 6번출구쪽,202005,2274,2337
동작구,2016. 신대방삼거리역 3번출구쪽,202005,1967,2015
동작구,2020. 장승배기역2번출구뒷편쪽,202005,822,801
동작구,2024. 상도역 1번출구,202005,1593,1569
동작구,2025. 흑석역 1번출구,202005,5703,6091
동작구,2026. 흑석역 4번출구,202005,825,844
동작구,2027. 중앙대학교 정문,202005,1118,1104
동작구,2032. 이수역 11번출구쪽,202005,2015,2017
동작구,2033. 사당동 아르테스 웨딩앞,202005,1277,1320
동작구,2034. 사당역 7번출구쪽,202005,1651,1659
동작구,2036. 정금마을 마을버스정류장,202005,850,835
동작구,2037. 동작역 5번출구 동작주차공원,202005,1505,1483
동작구,2038. 동작역 7번출구,202005,285,276
동작구,2040. 비계 버스정류소,202005,406,322
동작구,2041. 사당중학교 버스정류소,202005,366,336
동작구,2048. 삼일초등학교 인근,202005,654,595
동작구,2050. 노량진역 5번출구,202005,3368,3500
동작구,2054. 삼익아파트,202005,1210,1220
동작구,2056. 동작구민 체육센터,202005,1238,1236
동작구,2057. 상도 아이파크 아파트,202005,408,363
동작구,2058. 노량진동 맥도널드앞,202005,2787,2796
동작구,2059. 보라매공원 정문,202005,2067,2079
동작구,2060. 남성역3번출구 뒤,202005,1629,1929
동작구,2061. 한강 현대아파트 건너편,202005,202,108
동작구,2062. 사당새마을금고,202005,448,419
동작구,2063. 대방역 4번출구,202005,1766,1770
동작구,2064. 흑석한강푸르지오 106동앞,202005,352,255
동작구,2065. 서울시여성가족재단,202005,1107,1075
동작구,2066. 양문교회 앞,202005,1604,1586
동작구,2067. LG전자 베스트? 대리점 앞,202005,1117,1116
동작구,2068. 총신대 앞(육교),202005,150,133
동작구,2069. 숭실대 입구역3번 출구 앞,202005,994,866
동작구,2070. 노량진역 2번 출구 앞,202005,1984,1980
동작구,2071. 대림아파트 후문 상가 옆,202005,276,202
동작구,2073.동작상떼빌 103동 앞,202005,1,1
동작구,2080.빕스 대방점 앞,202005,1,1
동작구,2081.대방1차 e편한세상 앞,202005,1,1
동작구,2082.7호선 이수역7번출구,202005,6,6
동작구,2085.강남중학교 앞,202005,1,1
동작구,2089.사당역10번출구(금강빌딩),202005,1,1
동작구,2090.기아자동차 사당점 앞,202005,0,1
동작구,2091.이수역9번출구(맥도날드),202005,1,1
동작구,237. 보라매 두산위브 건너편,202005,1591,1595
마포구,101. (구)합정동 주민센터,202005,881,887
마포구,102. 망원역 1번출구 앞,202005,3786,3583
마포구,103. 망원역 2번출구 앞,202005,3112,3060
마포구,104. 합정역 1번출구 앞,202005,2116,2104
마포구,105. 합정역 5번출구 앞,202005,1537,1526
마포구,106. 합정역 7번출구 앞,202005,6221,6216
마포구,107. 신한은행 서교동금융센터점 앞,202005,2955,3137
마포구,108. 서교동 사거리,202005,2017,2026
마포구,109. 제일빌딩 앞,202005,2351,2348
마포구,111. 상수역 2번출구 앞,202005,2325,2299
마포구,112. 극동방송국 앞,202005,1547,1544
마포구,113. 홍대입구역 2번출구 앞,202005,6818,7164
마포구,114. 홍대입구역 8번출구 앞,202005,3462,3448
마포구,118. 광흥창역 2번출구 앞,202005,1587,1603
마포구,119. 서강나루 공원,202005,2367,2376
마포구,120. 신수동 사거리,202005,656,663
마포구,121. 마포소방서 앞,202005,1008,910
마포구,122. 신성기사식당 앞,202005,1303,1292
마포구,124. 서강대 정문 건너편,202005,1568,1474
마포구,125. 서강대 남문 옆,202005,540,528
마포구,126. 서강대 후문 옆,202005,1472,1465
마포구,127. 현대벤처빌 앞,202005,291,280
마포구,129. 신촌역(2호선) 6번출구 옆,202005,1144,1144
마포구,130. 신촌역(2호선) 7번출구 앞,202005,2432,2435
마포구,136. 대흥동 주민센터,202005,275,225
마포구,142. 아현역 4번출구 앞,202005,669,668
마포구,143. 공덕역 2번출구,202005,1478,1491
마포구,144. 공덕역 8번출구,202005,4626,4760
마포구,145. 공덕역 5번출구,202005,1227,1224
마포구,146. 마포역 2번출구 뒤,202005,3980,4063
마포구,147. 마포역 4번출구 뒤,202005,3435,3492
마포구,148. 용강동 주민센터 앞,202005,2935,2980
마포구,150. 서강대역 2번출구 앞,202005,1780,1776
마포구,151. 망원1동주민센터,202005,3106,3162
마포구,152. 마포구민체육센터 앞,202005,12155,12715
마포구,153. 성산2교 사거리,202005,2444,2431
마포구,154. 마포구청역,202005,3284,3259
마포구,155. 가좌역1 번출구 뒤,202005,1657,1652
마포구,156. 서울서부지방법원 앞,202005,1145,1117
마포구,157. 애오개역 4번출구 앞,202005,1703,1703
마포구,181. 망원초록길 입구,202005,772,747
마포구,182. 망원2빗물펌프장 앞,202005,4290,4354
마포구,183. 하늘채코오롱아파트 건너편,202005,3511,3448
마포구,184. SK망원동주유소 건너편,202005,2356,2313
마포구,185. 마포 신수공원 앞,202005,1724,1629
마포구,186. 월드컵공원,202005,5835,5733
마포구,199. 서울 월드컵 경기장,202005,1150,836
마포구,3002.벽산상암스마트큐브,202005,768,776
마포구,3003.래미안신공덕3차아파트,202005,22,21
마포구,3005.마포구청 청사내,202005,90,90
마포구,3006. 상암월드컵파크5단지(상암중학교),202005,41,41
마포구,3007.MBC 앞,202005,165,162
마포구,3009.서교동사거리(신),202005,414,416
마포구,3010.홍대입구역 3번출구,202005,659,659
마포구,3011.경의선(노고산동),202005,261,263
마포구,400. 상암한화오벨리스크 1차 앞,202005,1007,878
마포구,401. 상암월드컵파크 10단지 앞,202005,1038,1014
마포구,402. 상암월드컵파크 9단지 앞,202005,1189,1151
마포구,403. 부엉이공원 앞,202005,535,431
마포구,405. DMC빌 앞,202005,771,848
마포구,406. 상암월드컵파크 7단지 앞,202005,720,675
마포구,407. 마포구 육아종합지원센터,202005,1083,1068
마포구,408. LG CNS앞,202005,1082,1088
마포구,409. 누리꿈스퀘어 옆,202005,2519,2707
마포구,410. 상암중학교 옆,202005,495,450
마포구,411. DMC홍보관,202005,1497,1593
마포구,412. DMC산학협력연구센터 앞,202005,1669,1668
마포구,413. 상암월드컵파크 3단지 후문,202005,710,659
마포구,414. 상암동주민센터 옆,202005,1501,1497
마포구,415. DMC역 9번출구 앞,202005,1983,1809
마포구,416. 상암월드컵파크 1단지 교차로,202005,756,551
마포구,417. DMC역 2번출구 옆,202005,1933,1691
마포구,418. 월드컵경기장역 3번출구 옆,202005,3716,3737
마포구,419. 홈플러스 앞,202005,3219,3118
마포구,420. 서울시 공공자전거 상암센터,202005,2418,1778
마포구,421. 마포구청 앞,202005,3468,3463
마포구,422. 문화비축기지,202005,339,324
마포구,424. 롯데하이마트 (상암월드컵점),202005,475,417
마포구,425. DMC첨단산업센터,202005,562,557
마포구,426. 서울신용보증재단,202005,1873,1895
마포구,427. 성산시영아파트,202005,1594,1596
마포구,432. 마포중앙도서관,202005,534,471
마포구,436. 이대역 5번출구,202005,340,291
마포구,437. 대흥역 1번출구,202005,1375,1369
마포구,438. 성산2-1 공영주차장,202005,2618,2605
마포구,439. 마포어린이공원,202005,2954,3061
마포구,440. 하늘공원 입구,202005,1958,2089
마포구,490.가온문화공원,202005,357,366
마포구,491.월드컵파크 4단지,202005,98,91
마포구,493.홍대입구역 6번출구,202005,331,332
마포구,495.염리초등학교 앞,202005,231,229
마포구,497.합정동주민센터 앞,202005,573,568
마포구,498.연남동주민센터 앞,202005,589,579
서대문구,110. 사천교,202005,859,772
서대문구,115. 사루비아 빌딩 앞,202005,1375,1348
서대문구,116. 일진아이윌아파트 옆,202005,2313,2309
서대문구,117. 홍은사거리,202005,4509,4514
서대문구,123. 문화촌 공원,202005,2720,2731
서대문구,128. 신촌역(2호선) 1번출구 옆,202005,1953,1940
서대문구,131. 증산2교,202005,3349,3369
서대문구,133. 해담는다리,202005,2602,2671
서대문구,134. 연세로 명물길,202005,1058,1055
서대문구,135. 명물길 원형무대 앞,202005,808,797
서대문구,137. NH농협 신촌지점 앞,202005,364,350
서대문구,138. 신촌동 제1공영주차장 앞,202005,738,740
서대문구,139. 연세대 정문 건너편,202005,385,298
서대문구,140. 이화여대 후문,202005,726,695
서대문구,141. 연대 대운동장 옆,202005,532,424
서대문구,158. 독립문 어린이 공원,202005,855,852
서대문구,159. 이대역 4번 출구,202005,279,268
서대문구,160. 북아현동 가구거리,202005,700,610
서대문구,161. 무악재역1번 출구,202005,573,566
서대문구,162. 봉원고가차도 밑,202005,671,420
서대문구,163. 명지전문대학교 정문 앞,202005,433,424
서대문구,164. 북가좌1동 주민센터,202005,601,547
서대문구,165. 중앙근린공원,202005,1931,1824
서대문구,166. 가재울 초등학교,202005,3457,3456
서대문구,167. 연가초등학교 옆,202005,541,182
서대문구,169. 북가좌 삼거리,202005,782,726
서대문구,170. 가재울 뉴타운 주유소 옆,202005,1482,1460
서대문구,171. 임광빌딩 앞,202005,665,669
서대문구,173. 서대문역 8번출구 앞,202005,732,724
서대문구,175. 홍연2교옆,202005,3051,3091
서대문구,176. 명지대학교 도서관,202005,2574,2804
서대문구,177. 북가좌 초등학교,202005,752,751
서대문구,178. 증산3교 앞,202005,1519,1536
서대문구,179. 가좌역 4번출구 앞,202005,1820,1797
서대문구,180. 충정로역 7번출구 아래,202005,1094,1043
서대문구,188. 홍은동 정원여중 입구,202005,1858,1918
서대문구,191. 서우빌딩(바른학원),202005,1058,1063
서대문구,192. 연서어린이공원,202005,613,579
서대문구,194. 증산교 앞,202005,2234,2204
서대문구,195. 모래내고가차도,202005,736,743
서대문구,196. 연희교차로 인근,202005,447,434
서대문구,198. 충정2교,202005,883,793
서대문구,3100. 북성초교,202005,253,226
서대문구,3101. 서대문구청,202005,1172,1161
서대문구,3102. 연희삼거리,202005,1492,1494
서대문구,3103. 홍제삼거리 북측,202005,1003,1010
서대문구,3104. e편한세상 신촌4단지 앞,202005,1061,1056
서대문구,3105. 홍은센트레빌 아파트 앞,202005,278,218
서대문구,3106. 홍남교 두바퀴쉼터,202005,2606,2618
서대문구,3107. 연희초등학교 앞,202005,547,538
서대문구,3110.홍은 현대아이파크 아파트 202동 앞,202005,1,1
서초구,2201. 본마을 정류소 앞,202005,330,299
서초구,2202.청계산입구역 1번출구,202005,877,865
서초구,2203. 청계산입구역 2번출구,202005,225,216
서초구,2205. 내곡3단지 어린이공원 앞,202005,500,437
서초구,2206. 언남초등학교 앞,202005,959,880
서초구,2207. 내곡파출소 뒤 정자,202005,132,89
서초구,2210. 반포1동 주민센터 앞,202005,617,477
서초구,2211. 서초구립반포도서관 앞,202005,976,923
서초구,2212.서초현대4차아파트 201동 맞은편,202005,474,449
서초구,2213. 고속터미널역 5번출구 앞,202005,1573,1277
서초구,2214. 신반포역 2번출구 앞,202005,2433,2453
서초구,2215. 반포종합운동장 입구,202005,1255,1259
서초구,2217.아크로리버뷰 부지 앞,202005,4814,4972
서초구,2219. 고속터미널역 8-1번  8-2번 출구 사이,202005,11480,11892
서초구,2220. 반포본동 주민센터 앞,202005,4708,4980
서초구,2221.하나은행 방배동지점 앞,202005,1670,1713
서초구,2222.사당역 12번출구 뒤,202005,2390,2497
서초구,2223. 방배래미안 정문 앞,202005,366,362
서초구,2225.백석예술대학교 제3캠퍼스 앞,202005,135,70
서초구,2226. 신동아럭스빌아파트 앞,202005,142,72
서초구,2227.방배열린문화센터 앞,202005,1393,1417
서초구,2228.뒷벌공원 옆,202005,1804,1826
서초구,2229.로고스교회 맞은 편,202005,330,301
서초구,2230.이수역 4번 출구,202005,2047,2051
서초구,2231. 삼성타운(삼성생명) A동 맞은편,202005,1891,1887
서초구,2233. 서초신동아1차아파트 옆,202005,653,625
서초구,2235.KT 서초지사 앞,202005,566,497
서초구,2237.서울남부터미널 대합실 입구,202005,956,633
서초구,2239.교대역 6번출구,202005,513,500
서초구,2241.양재전화국 사거리,202005,346,336
서초구,2242.양재역 11번 출구 앞,202005,1137,957
서초구,2243.서울가정법원,202005,579,529
서초구,2244.교육개발원입구 교차로,202005,1407,1361
서초구,2245.양재초등학교 맞은편,202005,269,264
서초구,2246. 서울시 품질시험소 앞,202005,677,684
서초구,2247.섬들근린공원,202005,1721,1701
서초구,2248. 서초리슈빌S 글로벌 앞,202005,440,408
서초구,2249. 우솔초등학교 맞은편,202005,394,337
서초구,2250. 서초유치원 맞은편,202005,886,836
서초구,2251. 더케이호텔 입구(양재2),202005,967,973
서초구,2252. 하이브랜드 앞,202005,1234,1235
서초구,2255.시민의숲역 1번출구 옆,202005,2008,1997
서초구,2256.양재동 꽃시장 입구,202005,669,672
서초구,2257. 하나로클럽 양재점 맞은편,202005,228,226
서초구,2258.구룡사 삼거리,202005,257,204
서초구,2259. 잠원역 3번-4번 출구사이,202005,1338,1365
서초구,2262. 한신16차아파트 119동 앞,202005,6602,6805
서초구,2263. 바우뫼문화복지회관,202005,777,768
서초구,2264. 이수역 1번출구,202005,3242,3295
서초구,2265. 이수고가차도 남단,202005,2582,2624
서초구,2266. 서초역 3번출구,202005,754,718
서초구,2268. 서초4동주민센터,202005,824,729
서초구,2269. 주홍교 하부,202005,440,397
서초구,2270. 서초포레스타 7단지,202005,448,427
서초구,2271. 내방역 8번출구 앞,202005,882,893
서초구,2272. 교대입구 교차로,202005,242,231
서초구,2273. 일동제약 사거리,202005,843,837
서초구,2274. 양재시민의숲역 3번출구,202005,1383,1368
서초구,2275. 염곡치안센터 건너편,202005,62,60
서초구,2276. 영동1교 (양재천근린공원),202005,1116,1069
서초구,2277. 길마중4교 하부,202005,1283,1289
서초구,2279. 교대역 5번출구뒤,202005,1146,1099
서초구,2280. 서울서초고용센터앞,202005,598,573
서초구,2281. 연세사랑병원신관앞,202005,423,425
서초구,2282. 방배래미안아트힐 101동앞,202005,174,84
서초구,2283. 그룹한빌딩옆,202005,208,96
서초구,2284. CJ오쇼핑앞,202005,127,97
서초구,2285. LH서초3단지 301동 맞은편,202005,637,542
서초구,2286. 탑성마을입구,202005,54,20
서초구,2287. 능안마을입구,202005,17,6
서초구,2288. 안골마을입구,202005,32,12
서초구,2289. 남태령역 2번출구,202005,115,78
서초구,2290. 서래마을파리15구공원앞,202005,1298,1331
서초구,2292. 무지개아파트 앞,202005,326,299
서초구,2293. SPC 앞,202005,782,758
서초구,2294. 두상빌딩 앞,202005,1322,1311
서초구,2297. 남부터미널역 1번출구,202005,677,612
서초구,2298. 래미안서초스위트앞,202005,495,407
서초구,2299. 한전아트센터 앞,202005,755,699
서초구,2501. 서초 포레스타5단지,202005,806,771
서초구,2502. 서초역1번출구 앞,202005,468,399
서초구,2503. 반포1동 서초빌딩 앞,202005,883,879
서초구,2504. 신사역 4번출구 뒤,202005,1014,990
서초구,2505. 우성아파트사거리 (기업은행앞),202005,1318,1317
서초구,2506. LG유플러스 (방배사옥),202005,311,197
서초구,2508. 양재이스타빌 앞,202005,1140,1133
서초구,2509. KT반포지사,202005,724,698
서초구,2510. JW타워,202005,242,233
서초구,2511. 이수역 6번출구 앞,202005,1253,1152
성동구,3511. 응봉역 1번출구,202005,6192,6488
성동구,3513. 상왕십리역 1번출구,202005,1237,1191
성동구,3514. 왕십리교회옆,202005,1813,1791
성동구,3515. 서울숲 관리사무소,202005,5713,5622
성동구,3519. 용답역 1번 출구,202005,4921,5433
성동구,3525. 금호스포츠센터앞,202005,2332,2470
성동구,3527. 왕십리 자이아파트,202005,30,26
성동구,3530. 왕십리자이아파트 후문(삼거리),202005,235,233
성동구,3531. 논골사거리(금호도서관 입구),202005,73,43
성동구,3532. 왕십리KCC스위첸아파트,202005,131,119
성동구,3538. 서울숲 IT캐슬,202005,1161,1165
성동구,3545.한양대역 1번출구,202005,511,508
성동구,3550.금호나들목,202005,155,152
성동구,3551.성동도로사업소,202005,59,49
성동구,3552.서울숲 공영주차장앞,202005,527,513
성동구,3553.마장역3번출구,202005,61,60
성동구,3555.양지사거리(센트라스APT 115동앞),202005,18,13
성동구,3558.마장동 금호어울림APT앞,202005,136,138
성동구,3559.성동구민종합체육센터 앞,202005,556,550
성동구,3560.성동구 견인차량 보관소 앞,202005,223,225
성동구,3562.행당중학교 후문,202005,1,0
성동구,506. 금호 어울림 아파트 앞,202005,489,492
성동구,507. 성수아이에스비즈타워 앞,202005,1217,1260
성동구,508. 성수아카데미타워 앞,202005,1349,1307
성동구,509. 이마트 버스정류소 옆,202005,3248,3260
성동구,510. 서울숲 남문 버스정류소 옆,202005,2944,2954
성동구,511. 서울숲역 4번 출구 옆,202005,2807,2734
성동구,512. 뚝섬역 1번 출구 옆,202005,4207,4208
성동구,513. 뚝섬역 5번 출구 정류소 옆,202005,3178,3207
성동구,514. 성수사거리 버스정류장 앞,202005,1970,1979
성동구,518. 청계천 박물관 앞,202005,932,897
성동구,519. 양지사거리,202005,1052,903
성동구,520. 상왕십리역 4번 출구 앞,202005,712,713
성동구,521. 왕십리역 11번 출구 앞,202005,2138,2139
성동구,522. 금호역 1번출구 앞,202005,441,432
성동구,523. 옥수동성당 옆,202005,79,65
성동구,524. 래미안금호하이리버 아파트 102동 옆,202005,572,553
성동구,525. 한양대병원사거리,202005,4290,4310
성동구,526. 용답토속공원 앞,202005,1278,1299
성동구,529. 장한평역 8번 출구 앞,202005,1148,1130
성동구,530. 청계벽산아파트 앞,202005,1951,1959
성동구,533. 우리은행 금호동 지점 앞,202005,752,772
성동구,534. 금호사거리,202005,396,397
성동구,535. 응봉삼거리,202005,818,648
성동구,536. 행당역 2번출구 앞,202005,1272,1278
성동구,537. 한양대후문역 부근,202005,2092,2077
성동구,538. 답십리역 8번출구 앞,202005,802,809
성동구,550. 서울시설공단 앞,202005,1168,1164
성동구,556. 달맞이공원,202005,251,252
성동구,557. 도선동 주민센터 앞,202005,1127,1138
성동구,558. 성동광진 교육지원청 앞,202005,1716,1680
성동구,559. 왕십리역 4번 출구 건너편,202005,2515,2541
성동구,560. 비전교회 앞,202005,1677,1688
성동구,561. 서울숲역 2번출구 앞,202005,2215,2166
성동구,562. 군자지하보도 앞,202005,1167,1181
성동구,563. 성동세무서 건너편,202005,1680,1826
성동구,564. 금호역 3번출구,202005,115,108
성동구,565. 옥수역 3번출구,202005,7893,8428
성동구,567. 성수역 2번출구 앞,202005,2810,2554
성동구,568. 청계8가사거리 부근,202005,2902,2906
성동구,569. 응봉현대아파트 정류소,202005,350,348
성동구,578. 성동세무서 부근,202005,1508,1540
성동구,579. 마장역 4번출구,202005,1753,1769
성동구,580. 신금호역 3번출구 뒤,202005,3,2
성동구,581. 용답초등학교,202005,681,680
성동구,582. 경일중학교 앞,202005,1498,1533
성동구,583. 청계천 생태교실 앞,202005,8057,8118
성동구,585. 성수2가1동 공영주차장 인근,202005,3021,3078
성동구,586. 마장동 주민센터,202005,950,950
성동구,587. 유니베라 앞,202005,1497,1536
성동구,589. 성수역3번출구,202005,3420,3519
성동구,594. 중랑물재생센터(서울새활용플라자),202005,467,550
성북구,1302. 한성대입구역6번출구 뒤,202005,589,588
성북구,1303. 돈암초교 입구,202005,1228,1216
성북구,1304. 만해공원,202005,256,96
성북구,1305. 성북구청,202005,955,858
성북구,1306. 한성대입구역2번출구,202005,2164,2147
성북구,1308. 안암로터리 버스정류장 앞,202005,5749,5965
성북구,1314. 정릉꿈에그린1단지 201동 앞,202005,531,528
성북구,1315. 고려사대부속중고 정문,202005,505,491
성북구,1316. 고려사대부속중고 건너편,202005,412,362
성북구,1318. 길음역 3번출구 뒤,202005,1320,1316
성북구,1319. 종암사거리 분수대,202005,2486,2555
성북구,1320. LG베스트샵 종암점,202005,2321,2491
성북구,1321. 국민은행 종암동지점 앞,202005,2635,2683
성북구,1322. 래미안라센트아파트 103동 앞,202005,1045,1018
성북구,1323. 월곡역 입구 육교 밑,202005,1038,984
성북구,1325. 상월곡역 4번출구,202005,609,534
성북구,1326. 상월곡역 1번출구,202005,951,849
성북구,1327. 상월곡역 3번출구,202005,1429,1453
성북구,1328. 월곡역 3번출구,202005,3151,3182
성북구,1332. 석계역 5번출구 건너편,202005,2877,2944
성북구,1333. 석관초등학교 앞,202005,2245,2485
성북구,1334. 석관동주민센터 앞,202005,1218,1216
성북구,1336. 성북3교 위,202005,2459,2407
성북구,1337. 돈암성당 옆,202005,4145,4147
성북구,1338. 용문2교 옆,202005,973,947
성북구,1339. 삼성전자서비스 성북센터,202005,1518,1541
성북구,1340. 광운초등학교 앞,202005,1962,2051
성북구,1342. 성북쉼터 앞,202005,217,94
성북구,1343. 한성대7번출구 앞,202005,644,629
성북구,1344. 아리랑시네센터 앞,202005,434,346
성북구,1346. 길음8골어린이공원 옆,202005,1033,902
성북구,1347. 길음래미안아파트817동 상가 앞,202005,538,471
성북구,1348. 성북제일새마을금고 본점 앞,202005,569,564
성북구,1349. 월계2교 버스정류장 앞,202005,731,714
성북구,1351. 안암2교 옆,202005,2209,2179
성북구,1352. e 편한세상 보문아파트 내,202005,230,172
성북구,1353. 금호어울림센터힐 내,202005,340,332
성북구,1354. 고려대학교 2번출구,202005,2162,2101
성북구,1355. 보문2교,202005,3205,3179
성북구,1357. 북한산보국문역,202005,733,656
성북구,1358. 정릉도서관 앞,202005,801,790
성북구,1359. 장위뉴타운 꿈에 숲 코오롱 하늘채 앞,202005,1235,1177
성북구,1360. 정릉역,202005,1055,1026
성북구,1361. 홍익중고 입구,202005,1108,1048
성북구,1362. 보문역6번출구 앞,202005,1430,1432
성북구,1363. 보문4교 인근,202005,2304,2205
성북구,1364. 성북동 치안센터 앞,202005,713,677
성북구,1365. 선잠단지 앞,202005,298,267
성북구,1366. 일신초등학교 옆,202005,559,514
성북구,1367. 길음문화복합미디어센터,202005,407,381
성북구,1368. 성신여대입구 교차로,202005,1453,1440
성북구,1369. 미아사거리,202005,1834,1823
성북구,1370. 복자사랑 피정의 집,202005,440,236
성북구,1372. KEB은행 고대점,202005,2514,2580
성북구,1373. 성북구보건소 건너편,202005,1249,1138
성북구,1375. 생명의 전화 종합복지관 앞 교차로,202005,2108,2141
성북구,1376. 한국과학기술연구원 중문,202005,245,253
성북구,1377. 한국과학기술연구원 북문,202005,207,176
성북구,1383.성북동 주민센터 건너편,202005,1,1
성북구,1394.길음뉴타운 래미안9단지,202005,446,439
송파구,1201. 가락시장역 3번 출구,202005,2708,2705
송파구,1203. 밀리아나2빌딩 앞,202005,2899,2902
송파구,1204. 거여역 3번출구,202005,1564,1566
송파구,1205. 종합운동장역 4번출구,202005,1392,1188
송파구,1206. 9호선종합운동장역 9번출구,202005,1757,1736
송파구,1207. 마천CU우방점 앞,202005,1037,1134
송파구,1208. 풍납현대아파트쉼터,202005,2478,2443
송파구,1209. 잠실나루역 (2번 출구 쪽),202005,5547,5478
송파구,1210. 롯데월드타워(잠실역2번출구 쪽),202005,7047,7032
송파구,1211. 방이삼거리,202005,3970,3985
송파구,1212. 송파역 2번 출구앞,202005,3614,3731
송파구,1213. 백토공원 앞,202005,984,949
송파구,1214. 오금역 7번 출구 인근,202005,1374,1353
송파구,1215. 올림픽공원역 1번출구 앞,202005,1714,1690
송파구,1217. 송파파인타운 7단지,202005,1013,1011
송파구,1218. 방이역 4번출구,202005,2574,2572
송파구,1220. 잠실본동주민센터뒤 잠실근린공원,202005,1297,1394
송파구,1221. 삼전사거리 포스코더샵,202005,2479,2673
송파구,1222. 잠실새내역 5번 출구 뒤,202005,6002,6095
송파구,1224. 아시아지하보도 2번 출구,202005,1986,2001
송파구,1226. 잠실4동 주민센터 옆,202005,1990,1974
송파구,1227. 거여역 8번출구 뒤,202005,1564,1571
송파구,1228. 마천사거리,202005,1577,1628
송파구,1229. 송파체육문화회관 앞,202005,1214,1208
송파구,1230. 송파중학교 정문,202005,1154,1097
송파구,1231. 잠실역 6번출구,202005,3484,3482
송파구,1232. 롯데마트 주차장 옆,202005,1628,1610
송파구,1233. 잠실3거리(갤러리아팰리스),202005,1023,975
송파구,1235. 잠실트리지움310동 옆,202005,2241,2231
송파구,1239. 문정 법조단지3,202005,554,553
송파구,1240. 문정 법조단지4,202005,649,642
송파구,1241. 문정 법조단지5,202005,598,520
송파구,1242. 문정 법조단지6,202005,235,221
송파구,1243. 문정 법조단지7,202005,2870,2943
송파구,1244. 문정 법조단지8,202005,2631,2610
송파구,1245. 문정 법조단지9,202005,1875,1854
송파구,1246. 문정 법조단지10,202005,1765,1743
송파구,1247. 문정 법조단지11,202005,1202,1159
송파구,1248. 방이초등학교,202005,1998,1780
송파구,1249. 아주중학교건너편,202005,1387,1436
송파구,1250.문정2동 주민센터,202005,680,673
송파구,1251. 석촌역 2번출구,202005,3489,3482
송파구,1253. 오금역 3번 출구 뒤,202005,801,783
송파구,1256. 문정현대아파트 교차로,202005,1172,1177
송파구,1257. 가락시장역 롯데마트앞,202005,1866,1845
송파구,1258. 가락미륭아파트 앞,202005,504,465
송파구,1259. 방이역 1번출구,202005,2362,2362
송파구,1260. 방이동 한양3차아파트 옆,202005,1702,1699
송파구,1262. 송파여성문화회관 앞,202005,1868,1844
송파구,1263. 장지공영차고지,202005,307,305
송파구,1264. 천호역 10번 출구 앞,202005,2849,2928
송파구,1265. 문정동 근린공원,202005,2214,2212
송파구,1266. 문정동 글샘 공원,202005,571,566
송파구,1267. 올림픽공원 남2문 앞,202005,1729,1563
송파구,1268. 몽촌토성역 1번출구 옆,202005,5212,5187
송파구,1269. 리센츠아파트,202005,1378,1314
송파구,1271. 송파도서관,202005,1446,1429
송파구,1274. 영파여고 앞,202005,1086,966
송파구,1275. 거여초등학교 옆,202005,652,644
송파구,1277. 오금동 송파 참병원,202005,1808,1900
송파구,1278. 송파구청 교차로,202005,2994,3180
송파구,1279. 마천금호어울림 1차아파트 건너편,202005,884,890
송파구,1280. 송파파크데일 2단지입구 앞 주차장,202005,900,882
송파구,1282. 송파소방서 맞은편(성내4교),202005,2047,2297
송파구,1283. 오금공원 사거리,202005,393,368
송파구,1285. 위례별 유치원 뒤,202005,863,828
송파구,1286. 위례중앙푸르지오 1단지 앞,202005,1748,1742
송파구,1287. 위례아이파크 101동 맞은편,202005,699,667
송파구,1288. 문정중교 사거리,202005,1581,1533
송파구,1289. 풍납동 자전거보관소,202005,930,948
송파구,1290. 위례송파꿈에그린아파트24단지 앞 성벽 다리 밑,202005,1012,1010
송파구,1291. 서울체육고등학교 앞,202005,1553,1577
송파구,1293. 석촌호교차로 (스타벅스 앞),202005,2431,2428
송파구,1295. 잠실역 8번출구,202005,5139,5129
송파구,1296. 석촌호수교차로 (송파나루근린공원 앞),202005,939,939
송파구,1297. 석촌호수교차로(동호 팔각정 앞),202005,2056,2041
송파구,1299. 송파소방서 (방이119안전센터),202005,617,543
송파구,1300. 오륜사거리,202005,819,822
송파구,2601. 석촌호수 서호사거리,202005,2569,2568
송파구,2603. 송파 글마루 도서관,202005,913,924
송파구,2604. 삼표레미콘 앞,202005,1290,1334
송파구,2605. 복정역 1번 출구 앞,202005,582,581
송파구,2606. 위례동주민센터 맞은편 근린공원,202005,1334,1309
송파구,2607. 복정역 2번출구 후문 (장지치안센터),202005,1003,983
송파구,2608. 송파구청,202005,1411,1435
송파구,2609. 보성중고등학교 후문 앞,202005,318,283
송파구,2610. 여흥레이크빌 앞 (석촌호수 까페거리),202005,1675,1681
송파구,2611. 송파지역자활센터 뒤,202005,1945,2211
송파구,2612. 문정·가락 대여소 앞,202005,111,110
송파구,2613. 잠실나들목,202005,5753,5962
송파구,2614. 가락고등학교 앞,202005,1311,1306
송파구,2615. 테라타워2,202005,2322,2327
송파구,2616. 거여동 사거리,202005,663,599
송파구,2617. 가락삼환아파트 앞,202005,1560,1458
송파구,2618. 삼전역 1번출구,202005,2046,2163
송파구,2619. 석촌고분역 4번출구,202005,3434,3972
송파구,2620. 송파나루역 4번 출구옆,202005,4279,4319
송파구,2621. 한성백제역 2번 출구,202005,4665,4683
송파구,2622. 올림픽공원역 3번출구,202005,6332,6303
송파구,2623.석촌동 주민센터,202005,480,486
송파구,2625.가락1동 주민센터,202005,296,286
송파구,2626.경찰병원역 1 2번 출구 사이,202005,1,0
송파구,2628.문정역 1번출구,202005,316,318
송파구,2630.서울방이동 고분군,202005,378,376
송파구,2631.배명고등학교,202005,269,276
송파구,2632.석촌고분역 2번 출구,202005,331,334
송파구,2633.송파학사 옆,202005,207,206
송파구,2634.위례포레샤인아파트 2318동,202005,157,159
송파구,2635.잠실새내역 1번출구,202005,213,213
송파구,2637.잠실월드 메르디앙,202005,421,425
송파구,2638.쌍용아파트,202005,0,1
송파구,2639.석촌역 8번출구,202005,495,491
송파구,2641.송파역 4번출구,202005,802,805
송파구,2642.마천동 성내천 쉼터,202005,423,428
송파구,2643.풍납중학교 측면,202005,723,726
송파구,2644.성내5교 (GS주유소),202005,251,251
송파구,2645.잠실나들목2(엘스아파트136동),202005,1207,1215
송파구,2646.레이클펠리스101동앞,202005,460,457
송파구,2647.잠실 자전거 수리센터 앞,202005,287,288
송파구,2648.헬리오시티 112동 앞,202005,470,477
송파구,2649.오금공원사거리2,202005,85,80
송파구,2651.경찰병원역 3번출구 앞,202005,377,374
송파구,2652.송파 레미니스1단지 102동 앞,202005,184,168
송파구,2653.올림픽공원사거리(선수촌아파트),202005,507,504
송파구,2654.올림픽선수촌아파트 136동 앞,202005,193,191
송파구,2655.송이공원,202005,296,299
양천구,700. KB국민은행 염창역 지점 앞,202005,3104,2976
양천구,701. 목동사거리 부근,202005,1155,1182
양천구,702. 목4동주민센터 옆,202005,1207,1077
양천구,703. 오목교역 7번출구 앞,202005,4414,4488
양천구,704. 남부법원검찰청 교차로,202005,4457,4504
양천구,706. 신정네거리역,202005,1904,1946
양천구,707. 신정3동주민센터,202005,703,484
양천구,708. 서울출입국관리사무소 앞,202005,3787,3930
양천구,709. 신정3동 현장민원실 앞,202005,1010,908
양천구,710. 서부화물트럭터미널 사거리,202005,28,30
양천구,711. 신일해피트리아파트 앞,202005,650,272
양천구,712. 강월초교입구 사거리,202005,1144,1440
양천구,713. 양서중학교 옆,202005,1028,965
양천구,714. 한국SGI 양천문화회관 앞,202005,910,931
양천구,716.신정6동 주민센터 인근,202005,2731,2858
양천구,719. 홍익병원앞 교차로,202005,1710,1648
양천구,720. 서울강월초등학교 앞,202005,453,221
양천구,722. LG전자베스트샵 신정점,202005,2422,2561
양천구,723. SBS방송국,202005,3246,3591
양천구,724. 계남공원 입구 주출입구 좌측,202005,291,152
양천구,725. 양강중학교앞 교차로,202005,587,350
양천구,726. 목동3단지 시내버스정류장,202005,2131,2108
양천구,729. 서부식자재마트 건너편,202005,2113,2287
양천구,731. 서울시 도로환경관리센터,202005,2344,2590
양천구,732. 신월동 이마트,202005,1052,1041
양천구,733. 신정이펜하우스314동,202005,774,572
양천구,734. 신트리공원 입구,202005,1789,1959
양천구,735. 영도초등학교,202005,2284,2411
양천구,736. 오솔길공원,202005,1196,1366
양천구,737. 장수공원,202005,1048,1126
양천구,739. 신월사거리,202005,852,860
양천구,740. 으뜸공원,202005,1091,1294
양천구,741. 화곡로 입구 교차로,202005,421,426
양천구,742. 등촌역 5번 출구 뒤,202005,1115,1085
양천구,743. 현대6차아파트 101동 옆,202005,880,848
양천구,744. 신목동역 2번 출구,202005,1974,1828
양천구,745. 강서초등학교,202005,932,1103
양천구,746. 목동2단지 상가,202005,2399,2456
양천구,747. 목동3단지 상가,202005,1331,1307
양천구,748. 목동운동장,202005,471,391
양천구,749. 이대 목동병원 앞,202005,2025,2065
양천구,750. 연의근린공원 건너편,202005,1122,1109
양천구,752. 성원2차 아파트,202005,1129,1029
양천구,754. 목동1단지아파트 118동 앞 (월촌초등학교 정류소 옆),202005,1333,1367
양천구,755. 목동1단지아파트 상가 앞 (월촌중학교 버스정류소 옆),202005,2338,2332
양천구,756. 목동주차장,202005,1950,2085
양천구,757. 신정이펜하우스 1단지아파트 입구 사거리,202005,594,454
양천구,758. 한사랑교회 앞,202005,2054,2100
양천구,759. 보아스아파트 앞,202005,893,956
양천구,760. 잣절보도육교 아래,202005,642,613
양천구,762. 오목로 무중력지대 앞,202005,2104,2135
양천구,763. 목동11단지 아파트,202005,873,850
양천구,764. 목동청소년수련관,202005,2461,2093
양천구,765. 오목교역 3번출구,202005,4674,4801
양천구,766. 신목동역 3번출구,202005,3211,3058
양천구,785.양천구청  보건소 사잇길,202005,1265,1089
양천구,787.양천아파트 입구,202005,1117,1030
양천구,788.양천구청역 2번출구 옆,202005,1126,945
영등포구,200. 국회의원회관,202005,638,638
영등포구,201. 진미파라곤 앞,202005,2199,2174
영등포구,202. 국민일보 앞,202005,5155,5136
영등포구,203. 국회의사당역 3번출구 옆,202005,2015,2009
영등포구,204. 국회의사당역 5번출구 옆,202005,1503,1458
영등포구,205. 산업은행 앞,202005,2827,2832
영등포구,206. KBS 앞,202005,2712,2620
영등포구,207. 여의나루역 1번출구 앞,202005,20641,21073
영등포구,209. 유진투자증권빌딩 앞,202005,1452,1471
영등포구,210. IFC몰,202005,6641,6660
영등포구,211. 여의도역 4번출구 옆,202005,3205,3020
영등포구,212. 여의도역 1번출구 옆,202005,1988,1215
영등포구,213. KT앞,202005,1792,1673
영등포구,214. 금융감독원 앞,202005,1350,1316
영등포구,215. 여의도고교 앞,202005,2414,2453
영등포구,216. 삼부아파트1동 앞,202005,1541,1536
영등포구,217. NH농협은행 앞,202005,491,494
영등포구,218. 증권거래소 앞,202005,1478,1371
영등포구,219. 롯데캐슬엠파이어 옆,202005,1368,1369
영등포구,220. 미성아파트 A동 앞,202005,1378,1118
영등포구,221. 여의도초교 앞,202005,3272,3336
영등포구,222. 시범아파트버스정류장 옆,202005,3662,3980
영등포구,223. 진주아파트상가 앞,202005,1483,1424
영등포구,224. 롯데캐슬 앞,202005,2449,2431
영등포구,225. 앙카라공원 앞,202005,1567,1227
영등포구,226. 샛강역 1번출구 앞,202005,2001,1572
영등포구,227. 양평2나들목 보행통로 입구,202005,3757,4037
영등포구,228. 선유도역 3번출구 앞,202005,4750,4815
영등포구,229. 양평1 보행육교 앞,202005,2571,2629
영등포구,230. 영등포구청역 1번출구,202005,4464,4485
영등포구,231. 남부고용노동지청 남측,202005,1036,1020
영등포구,232. 양평우림 이비즈센타 앞,202005,3577,3566
영등포구,233. YP 센터 앞,202005,496,497
영등포구,234. 영등포구민체육센터 앞,202005,898,876
영등포구,235. 신길동 우리은행 옆,202005,1129,1121
영등포구,236. 문래동자이아파트 앞,202005,2061,2042
영등포구,238. 제2구민체육센타 앞,202005,1583,1572
영등포구,239. 유스호스텔 앞,202005,1221,1097
영등포구,240. 문래역 4번출구 앞,202005,2154,2151
영등포구,241. 신길우성1차아파트 앞 공원,202005,1255,1257
영등포구,242. 신길선원가와인아파트 앞,202005,1108,1115
영등포구,243. 이앤씨드림타워 앞,202005,2128,2126
영등포구,244. 영등포삼환아파트 앞,202005,1883,1825
영등포구,245. 삼성생명 당산사옥 앞,202005,2509,2524
영등포구,247. 당산역 10번출구 앞,202005,6392,6361
영등포구,248. 초원아파트 앞,202005,5237,5299
영등포구,249. 여의도중학교 옆,202005,5081,5503
영등포구,250. 대림아파트 사거리,202005,1042,1048
영등포구,251. 서울지방병무청 버스정류장,202005,1469,1484
영등포구,252. 보라매역4번출구,202005,1730,1749
영등포구,253. 신풍역 5번출구 인근,202005,1423,1421
영등포구,254. 도림신협 앞,202005,1247,1230
영등포구,255. 도림4거리,202005,1521,1531
영등포구,256. 동아에코빌입구,202005,1281,1283
영등포구,257. 신길삼거리(우리은행),202005,3377,3495
영등포구,258. 신길역3번출구,202005,1387,1345
영등포구,259. 대방역6번출구,202005,3305,3331
영등포구,260. 여의도 마리나선착장 앞,202005,1166,1146
영등포구,262. 영문초등학교 사거리,202005,3117,3137
영등포구,263. 근로자회관 사거리,202005,3230,3243
영등포구,264. 교보생명보험 앞,202005,1450,1345
영등포구,265. 영등포유통상가 사거리,202005,1343,1337
영등포구,266. 영등포청과시장 사거리,202005,732,721
영등포구,267. 삼성화재 사옥 옆,202005,2157,2164
영등포구,268. 그랜드컨벤션센터 앞,202005,2057,2049
영등포구,270. 증권거래소후문교차로,202005,1071,1052
영등포구,271. 샛강생태공원방문자센터 앞,202005,741,738
영등포구,272. 당산육갑문,202005,9168,9503
영등포구,274. 영등포역지하쇼핑센타 5번출구,202005,4804,4813
영등포구,275. 신동아아파트,202005,2912,2926
영등포구,276. SK 영등포주유소,202005,1936,1891
영등포구,277. 영등포뉴타운지하상가 2번게이트,202005,1913,1910
영등포구,278. 쌍용플레티넘오피스텔,202005,2481,2459
영등포구,279. 영등포 푸르지오 아파트,202005,1924,1862
영등포구,280. 양평동6차현대아파트 앞,202005,1937,1960
영등포구,281. 신동아아파트 앞,202005,967,977
영등포구,282. 신한은행,202005,502,487
영등포구,283. 아크로타워 스퀘어(영등포시장),202005,3284,3276
영등포구,284. 센트럴 푸르지오 시티 앞,202005,3912,3913
영등포구,285. 대림3동사거리(하나은행),202005,645,655
영등포구,286. 우성아파트 교차로,202005,1356,1382
영등포구,287. 영등포전화국사거리 (서강어린이공원),202005,2092,2098
영등포구,288. 쌍용예가(구청별관),202005,750,762
영등포구,289. 대림3동사거리,202005,905,917
영등포구,290. 당산동 SK V1 빌딩,202005,1723,1724
영등포구,291. 문래동 하이테크 시티,202005,2322,2318
영등포구,292. 영일 어린이공원,202005,972,962
영등포구,293. 충북 미래관,202005,3085,3089
영등포구,296.KT플라자 영등포점,202005,83,84
영등포구,297.국회3문,202005,46,43
영등포구,298.KBS 연구동 건너편,202005,39,36
영등포구,299.여의도 순복음교회,202005,196,193
영등포구,3201.당산skv1센터,202005,40,38
영등포구,3202.당산롯데캐슬프레스티지,202005,91,90
영등포구,3203.도림동배드민턴체육관,202005,16,14
영등포구,3205.문래중학교,202005,119,118
영등포구,3206.문래동 주민센터,202005,29,26
영등포구,3207.양남사거리 교통섬,202005,31,30
영등포구,3211.신길 래미안 프레비뉴,202005,59,56
영등포구,3212.신풍역 6번출구,202005,278,282
영등포구,3214.영등포 푸르지오,202005,114,113
영등포구,3215.강변삼성래미안,202005,33,34
영등포구,3221.서울특별시 남부교육지원청,202005,16,13
용산구,800. 목월공원 앞,202005,1799,1832
용산구,802. 한강진역 2번 출구 앞,202005,542,412
용산구,803. 한남초교 앞 보도육교,202005,507,503
용산구,805. 문배어린이공원 앞,202005,1133,1128
용산구,806. 전자랜드 본관 앞,202005,1102,1091
용산구,807. 서울역 12번 출구 앞,202005,965,948
용산구,808. 서빙고동 금호맨션 앞,202005,679,668
용산구,809. 한남 유수지 복개주차장,202005,1438,1444
용산구,810. 이태원지하보도,202005,633,637
용산구,811. 녹사평역1번출구,202005,566,279
용산구,812. 용산전쟁기념관,202005,252,243
용산구,813. 삼각지역 3번출구,202005,1117,1023
용산구,815. LIG강촌아파트 103동앞,202005,2488,2477
용산구,816. 신용산역 6번출구 앞,202005,3159,3170
용산구,817. 삼각지역 4번출구 앞,202005,641,638
용산구,818. 숙명여대 입구 교차로,202005,1509,1523
용산구,819. 선린인터넷 고등학교,202005,1043,1062
용산구,820. 청파동입구 교차로,202005,828,799
용산구,822. 이촌1동 마을공원,202005,614,603
용산구,823. 효창동주민센터 앞,202005,291,296
용산구,825. 서빙고동 주민센터 앞,202005,5005,5362
용산구,827. 국군복지단,202005,69,31
용산구,828. 숙대입구역 8번,202005,877,870
용산구,829. 베르가모앞,202005,4377,4335
용산구,830. 청암자이아파트앞,202005,817,824
용산구,831. 이태원관광특구입구,202005,265,265
용산구,832. 이촌1동 주민센터 뒤,202005,4169,4284
용산구,834. 효창공원앞역 3번출구 뒤,202005,2165,2154
용산구,835. 남영역 건너편,202005,945,938
용산구,836. 현대자동차서비스 앞,202005,2038,2042
용산구,837. 한남나들목 입구,202005,3264,3387
용산구,838. 숙대입구역 4번출구,202005,1327,1326
용산구,839. 보광동 삼성리버빌아파트 앞,202005,1492,1602
용산구,840. 용산 파크타워 앞,202005,671,663
용산구,841. 신용산역 1번 출구,202005,2542,2580
용산구,843. 녹사평역 광장,202005,984,816
용산구,844. 이촌2동 동원베네스트 아파트 앞,202005,1209,1254
용산구,845. 용산 선인상가,202005,764,766
용산구,846. 용산중학교,202005,1026,1023
용산구,847. 국방부민원실옆,202005,118,103
용산구,848. 삼각지12번 출구,202005,160,160
용산구,849. 삼각지 자이아파트,202005,454,458
용산구,850. KCC용산월츠타워,202005,262,262
용산구,851.효창 푸르지오 앞,202005,98,99
용산구,854.HID 유족동지회 앞,202005,103,105
용산구,864.순천향대학병원(한남오거리),202005,591,579
용산구,865.하얏트호텔 앞,202005,22,21
용산구,868.롯데하이마트 용산점 앞,202005,195,195
용산구,869.노들섬 동측 앞,202005,323,326
용산구,870.노들섬 서측 앞,202005,1298,1287
은평구,900. 은평예술회관,202005,920,846
은평구,901. 응암1동사무소,202005,1301,1291
은평구,902. 진관동 은빛초등학교,202005,444,439
은평구,903. 은평뉴타운 아이파크,202005,1056,1060
은평구,904. 은평뉴타운 푸르지오,202005,1017,1029
은평구,905. 구파발역 2번출구,202005,2260,2326
은평구,906. 연신내역 5번출구150M 아래,202005,3631,3704
은평구,907. CJ 드림시티,202005,8048,8770
은평구,908. 구산역 4번출구,202005,1130,1124
은평구,909. 백련산 힐스테이트 3차,202005,397,172
은평구,911. 은평평화공원(역촌역4번출구),202005,2214,2183
은평구,912. 응암오거리,202005,2960,3346
은평구,913. 이마트 은평점,202005,3070,3035
은평구,914. 새절역 2번출구,202005,5045,5314
은평구,915. 증산역 4번출구,202005,1975,2080
은평구,916. 평생학습관 앞,202005,1211,1253
은평구,917. 녹번역 4번출구,202005,1340,1302
은평구,919. 서울혁신파크,202005,881,868
은평구,921. 신도고등학교,202005,464,402
은평구,922. 연신내역 4번출구,202005,496,500
은평구,923. 국민은행 연서지점,202005,622,619
은평구,924. 메뚜기다리,202005,321,210
은평구,925. 불광역 2번출구,202005,560,564
은평구,926. 불광역 8번출구,202005,1584,1591
은평구,927. 연신내역 3번출구 인근,202005,578,576
은평구,928. 은평역사한옥박물관,202005,457,375
은평구,930. 구 서부경찰서 건너편,202005,937,921
은평구,931. 역촌파출소,202005,3227,3480
은평구,932. 예일여중,202005,1098,1111
은평구,933. LG서비스 역촌점,202005,1939,2039
은평구,934. 신사동 성당,202005,1172,1161
은평구,937. 상림마을 롯데캐슬2단지 옆,202005,220,188
은평구,938. 금암 문화공원,202005,295,255
은평구,939. 은평구청 교차로,202005,650,618
은평구,941. 은평뉴타운 도서관,202005,482,318
은평구,942. 상림마을 생태공원,202005,444,433
은평구,943. 은평구청 보건소,202005,1484,1502
은평구,945. 기자촌 사거리,202005,497,353
은평구,946. 독바위역,202005,752,737
은평구,947. 연신내 선일하이츠빌 정류소,202005,970,963
은평구,948. 디지털미디어 시티역 4번출구,202005,583,565
은평구,949. 연신내역 1번 출구,202005,872,876
은평구,950. 구산역 2번 출구,202005,1802,1913
은평구,951. 연신내역 6번출구옆,202005,1347,1339
은평구,952. 서울연신중학교,202005,347,338
은평구,953. 서울연신초등학교,202005,664,643
은평구,954. 은평뉴타운구파발9단지,202005,736,726
은평구,956. 응암시장교차로,202005,3026,3385
은평구,958. 신한은행 응암동 지점 앞,202005,1364,1357
은평구,959. 구파발10단지 인근,202005,463,482
은평구,960. 구파발역 환승센터,202005,718,759
은평구,961. 불광역 9번 출구,202005,940,941
은평구,962. 은평뉴타운 힐데스하임,202005,1129,1131
은평구,963. 대호프라자아파트,202005,807,801
은평구,964. 북한산힐스테이트 7차아파트,202005,435,390
은평구,965. 서울특별시 은평병원,202005,357,232
은평구,966. 서울혁신파크1,202005,400,387
은평구,967. 서울혁신파크2,202005,501,489
은평구,968. 은평뉴타운 상림마을 13단지,202005,196,159
은평구,969. 은평 지웰테라스,202005,264,253
은평구,971. 역촌 센트레빌 아파트,202005,312,258
은평구,972. 수색역,202005,716,683
정비센터,9997.강남센터,202005,23,17
정비센터,9998. 영남주차장 정비센터,202005,0,1
정비센터,99998. 상암단말정비,202005,0,3
정비센터,99999. 영남단말기정비,202005,0,1
정비센터,사대문센터,202005,0,1
정비센터,상암센터 정비실,202005,26,26
정비센터,위트콤,202005,230,211
정비센터,중랑센터,202005,6,11
종로구,301. 경복궁역 7번출구 앞,202005,1170,893
종로구,302. 경복궁역 4번출구 뒤,202005,2390,2160
종로구,303. 광화문역 1번출구 앞,202005,1481,1207
종로구,304. 광화문역 2번출구 앞,202005,1089,881
종로구,305. 종로구청 옆,202005,1541,1329
종로구,306. 광화문역 7번출구 앞,202005,1634,1098
종로구,307. 서울역사박물관 앞,202005,887,822
종로구,308. 광화문 S타워 앞,202005,1719,1553
종로구,309. 광화문역 6번출구 옆,202005,848,613
종로구,314. 국립현대미술관,202005,1217,1191
종로구,316. 종각역 1번출구 앞,202005,1899,1861
종로구,326. 안국역 5번출구 앞,202005,1762,1593
종로구,327. 낙원상가 옆,202005,1287,1285
종로구,328. 탑골공원 앞,202005,1306,1246
종로구,329. 청계2가 사거리 옆,202005,1185,1196
종로구,334. 종로3가역 2번출구 뒤,202005,1905,1876
종로구,335. 종로3가역 15번출구 앞,202005,1058,1059
종로구,337. 창경궁 입구,202005,474,466
종로구,338. 세운스퀘어 앞,202005,1016,1013
종로구,339. 종로4가 사거리,202005,1006,919
종로구,340. 혜화동 로터리,202005,1909,1904
종로구,3402.이화공영주차장,202005,190,149
종로구,3403.서울특별시 교육청,202005,109,94
종로구,3405.파크팰리스,202005,532,466
종로구,3407.안국동사거리(신),202005,666,654
종로구,3408.종로타워빌딩,202005,575,574
종로구,341. 혜화역 3번출구 뒤,202005,1137,1072
종로구,3410.종로3가역 8번출구,202005,88,88
종로구,3411.종묘,202005,362,359
종로구,3412.세운상가,202005,351,333
종로구,3413.종로플레이스,202005,621,605
종로구,3417.창신3동주민센터,202005,1,1
종로구,3418.창신역2번 출구,202005,12,16
종로구,342. 대학로 마로니에공원,202005,2292,2247
종로구,343. 예일빌딩(율곡로) 앞,202005,423,407
종로구,3432.종로2가 사거리,202005,722,708
종로구,344. 성균관대 E하우스 앞,202005,501,483
종로구,345. 서울보증보험본사 앞,202005,916,871
종로구,348. 독립문역 사거리,202005,1048,722
종로구,349. 사직동주민센터,202005,853,777
종로구,351. 청운초교 앞 삼거리,202005,826,764
종로구,352. 중앙고입구 삼거리,202005,398,203
종로구,353. 재동초교 앞 삼거리,202005,826,802
종로구,354. 포르투갈 대사관 앞,202005,1094,1002
종로구,355. 서울사대부속초교 앞,202005,1009,907
종로구,356. KT혜화지사 앞,202005,1063,1035
종로구,358. 성대입구 사거리,202005,2305,2276
종로구,359. 원남동사거리,202005,1008,1007
종로구,361. 동묘앞역 1번출구 뒤,202005,2758,2744
종로구,362. 청계8가 사거리,202005,1637,1577
종로구,363. 신설동역 11번출구 뒤,202005,1658,1631
종로구,364. 창신역 1번출구 앞,202005,871,833
종로구,367. 독립문역 3-1번출구,202005,1516,1213
종로구,368. SK 서린빌딩 앞,202005,1093,1128
종로구,369. 광화문 시민열린마당,202005,1560,1008
종로구,385. 종각역 5번출구,202005,1535,1529
종로구,386. 올림픽기념 국민생활관 앞,202005,587,577
종로구,388. 동성중학교 앞,202005,903,895
종로구,393. 동대문역 8번 출구,202005,2408,2407
종로구,394. 경희궁 자이 3단지,202005,59,63
종로구,395. 경희궁 자이 2단지,202005,1201,1206
종로구,397. 종묘공영주차장 건너편,202005,684,657
종로구,446. 상명대입구,202005,789,746
종로구,449. 일성아파트,202005,200,124
종로구,450. 효자동 삼거리,202005,1027,844
종로구,451. 청와대앞길,202005,279,173
종로구,452. 동대문 종합시장 버스정류장,202005,699,654
종로구,453. 종로오가 지하쇼핑센터 14번출구,202005,1145,1124
종로구,454. 종로2가 버스정류장 (종각방향),202005,1185,1171
종로구,455. 삼익한의원,202005,672,669
종로구,456. 숭인2동 주민센터 입구 (이강3대냉면),202005,874,862
종로구,457. 종로꽃시장 입구 옆,202005,710,701
종로구,458. 광화문역 5번출구,202005,1870,1656
종로구,461. 서울지방경찰청,202005,983,862
종로구,462. 신영동삼거리(북악터널방향),202005,25,59
종로구,464. 삼청동 골목,202005,953,847
종로구,465. 삼청공원 앞,202005,127,84
종로구,486. 평창동주민센터 앞,202005,265,245
중구,300. 정동사거리,202005,1162,1100
중구,310. 청계광장 옆,202005,1079,811
중구,311. 서울광장 옆,202005,2360,1584
중구,312. 시청역 1번출구 뒤,202005,1985,1817
중구,318. 광교사거리 남측,202005,713,704
중구,320. 을지로입구역 4번출구 앞,202005,1247,1236
중구,321. KEB 하나금융그룹 명동사옥 옆,202005,1174,1137
중구,322. 명동성당 앞,202005,598,568
중구,324. 신세계백화점 본점 앞,202005,1085,1103
중구,331. 을지로2가 사거리 북측,202005,1266,1342
중구,332. 을지로2가 사거리 남측,202005,805,805
중구,336. 티마크 호텔 앞,202005,614,582
중구,346. 맥스타일 앞,202005,1782,1831
중구,347. 동대문역사문화공원역 9번출구 앞,202005,1678,1509
중구,370. 시청역(2호선) 9번출구 뒤,202005,1496,1269
중구,371. 동대입구역 6번출구 뒤,202005,878,870
중구,372. 약수역 3번출구 뒤,202005,1179,1167
중구,373. 청구 어린이공원,202005,177,159
중구,374. 청구역 2번출구 앞,202005,1227,1233
중구,375. 다산 어린이공원,202005,1280,1280
중구,378. 청계7가 사거리,202005,1297,1276
중구,379. 서울역9번출구,202005,1149,1145
중구,380. CJ제일제당 앞,202005,868,846
중구,381. 장충체육관,202005,171,133
중구,382. 약수역 10번출구 앞,202005,756,747
중구,383. 신당역 12번 출구 뒤,202005,2366,2196
중구,384. 종로학원본원,202005,588,589
중구,387. 훈련원공원주차장 앞,202005,1086,837
중구,389. 을지로4가역 1번출구,202005,1012,1020
중구,390. 충무로역 1번출구,202005,1375,1374
중구,391. 정동길입구,202005,562,470
중구,398. 을지로3가역 3번출구,202005,1197,1192
중구,399. 서울역 센트럴 자이아파트,202005,543,443
중구,428. 명보사거리,202005,722,710
중구,429. 송도병원,202005,233,199
중구,430. KEB하나은행 장충동지점,202005,533,532
중구,431. 청계천 영도교,202005,2298,2156
중구,433. 을지로입구역 2번출구,202005,1453,1415
중구,434. 신당 래미안 버스정류장,202005,129,57
중구,435. SK 남산빌딩,202005,436,437
중구,441.염천교사거리,202005,164,165
중구,443.호암아트홀,202005,323,301
중구,445.대한상공회의소,202005,448,442
중구,466.롯데호텔,202005,349,234
중구,467.한국은행,202005,152,137
중구,468.웨스틴 조선호텔,202005,143,142
중구,470.회현역 7번출구,202005,244,245
중구,471.회현사거리 남측,202005,398,395
중구,472.삼일교(시그니쳐 타워),202005,528,524
중구,473.을지로4가역 9번출구,202005,555,524
중구,482.예수소망교회,202005,52,52
중구,485.서울역4번출구,202005,323,297
중구,826. 서울역 서부교차로2,202005,1339,1305
중랑구,1401. 극동늘푸른아파트,202005,2854,3003
중랑구,1402. 금란주차장 앞,202005,1446,1524
중랑구,1403. 중화빌딩 앞 (동부시장),202005,4007,4012
중랑구,1404. 동일로 지하차도,202005,1552,1569
중랑구,1405. 망우역 1번출구,202005,2019,2041
중랑구,1406. 망우청소년수련관,202005,136,127
중랑구,1407. 먹골역 1번출구 뒤,202005,1632,1661
중랑구,1408. 먹골역 6번출구 앞,202005,2096,2235
중랑구,1410. 면목 대원칸타빌아파트,202005,311,121
중랑구,1411. 상봉시장앞 교차로 한성빌딩 앞,202005,961,959
중랑구,1412. 면목초등학교,202005,801,808
중랑구,1413. 봉화산역 5번출구 뒤,202005,1316,1345
중랑구,1414. 사가정역 1번출구,202005,3193,3292
중랑구,1416. 상봉역 3번출구,202005,1255,1250
중랑구,1418. 새솔초등학교,202005,729,576
중랑구,1420. 신내어울공원 앞,202005,1043,1038
중랑구,1421. 신내역 4번출구,202005,378,307
중랑구,1422. 신내우디안아파트 1단지,202005,327,229
중랑구,1424. 양원역 2번출구,202005,176,180
중랑구,1425. 용마문화복지센터,202005,654,643
중랑구,1426. 면목도시개발아파트 1동 앞,202005,279,243
중랑구,1427. 용마산역 1번출구,202005,339,317
중랑구,1428. 원묵고등학교,202005,602,483
중랑구,1429. 장안중학교,202005,981,1027
중랑구,1430. 중랑구청,202005,1248,1026
중랑구,1431. 중랑구청 사거리,202005,2286,2296
중랑구,1433. 중화역 2번출구,202005,2880,3277
중랑구,1434. 홈플러스 면목동점,202005,1362,1427
중랑구,1435. 능산삼거리,202005,289,256
중랑구,1436. 영풍마드레빌,202005,816,813
중랑구,1437. 늘푸른공원 앞,202005,889,913
중랑구,1438. 홈플러스 신내점 앞,202005,2376,2498
중랑구,1440. 하나은행 면목지점,202005,1380,1455
중랑구,1441. 신내능말공원,202005,744,592
중랑구,1442. (구)신한은행 중랑교지점,202005,1627,1702
중랑구,1443. 구립망우청소년독서실,202005,516,515
중랑구,1444. 면목4치안센터,202005,1328,1506
중랑구,1445. 용마지구대,202005,319,347
중랑구,1446. 중랑전화국 교차로,202005,1709,1832
중랑구,1447. 면목역 3번출구,202005,2330,2438
중랑구,1448. 코스트코 상봉점,202005,2271,2282
중랑구,1449. 상봉역 1번출구,202005,2545,2538
중랑구,1450. 화랑대역 7번출구,202005,1999,2088
중랑구,1451. 중랑세무서,202005,3571,3731
중랑구,1452. 겸재교 진입부,202005,3142,3348
중랑구,1453. 중랑캠핑숲,202005,356,369
중랑구,1454. 한국전력공사(동대문 중랑지사),202005,1654,1863
중랑구,1455. 상봉역 2번 출구,202005,1802,1823
중랑구,1456. 상아빌딩(우림시장 교차로),202005,1113,1179
중랑구,1457. 동원사거리,202005,883,863
중랑구,1458. 상봉터미널2,202005,2128,2162
중랑구,1459. 용마한신아파트사거리,202005,432,433
